회차,일자,번호1,번호2,번호3,번호4,번호5,번호6,보너스,1등 당첨자수,1등 당첨금액,총 판매금액
1회,2002년12월07일,10,23,29,33,37,40,16,0,0원,"3,681,782,000원"
2회,2002년12월14일,9,13,21,25,32,42,2,1,"2,002,006,800원","4,904,274,000원"
3회,2002년12월21일,11,16,19,21,27,31,30,1,"2,000,000,000원","4,729,342,000원"
4회,2002년12월28일,14,27,30,31,40,42,2,0,0원,"5,271,464,000원"
5회,2003년01월04일,16,24,29,40,41,42,3,0,0원,"6,277,102,000원"
6회,2003년01월11일,14,15,26,27,40,42,34,1,"6,574,451,700원","15,305,356,000원"
7회,2003년01월18일,2,9,16,25,26,40,42,0,0원,"12,794,890,000원"
8회,2003년01월25일,8,19,25,34,37,39,9,0,0원,"20,751,450,000원"
9회,2003년02월01일,2,4,16,17,36,39,14,0,0원,"73,624,020,000원"
10회,2003년02월08일,9,25,30,33,41,44,6,13,"6,430,437,900원","260,856,392,000원"
11회,2003년02월15일,1,7,36,37,41,42,14,5,"4,780,152,300원","91,925,306,000원"
12회,2003년02월22일,2,11,21,25,39,45,44,12,"1,348,845,700원","76,255,508,000원"
13회,2003년03월01일,22,23,25,37,38,42,26,0,0원,"66,532,136,000원"
14회,2003년03월08일,2,6,12,31,33,40,15,4,"9,375,048,300원","99,838,648,000원"
15회,2003년03월15일,3,4,16,30,31,37,13,1,"17,014,245,000원","73,264,910,000원"
16회,2003년03월22일,6,7,24,37,38,40,33,4,"4,377,146,100원","75,777,348,000원"
17회,2003년03월29일,3,4,9,17,32,37,1,3,"5,349,491,200원","72,718,152,000원"
18회,2003년04월05일,3,12,13,19,32,35,29,0,0원,"66,371,660,000원"
19회,2003년04월12일,6,30,38,39,40,43,26,1,"40,722,959,400원","105,957,818,000원"
20회,2003년04월19일,10,14,18,20,23,30,41,1,"19,352,212,800원","81,056,776,000원"
21회,2003년04월26일,6,12,17,18,31,32,21,23,"797,475,400원","84,247,142,000원"
22회,2003년05월03일,4,5,6,8,17,39,25,4,"4,552,194,900원","79,455,152,000원"
23회,2003년05월10일,5,13,17,18,33,42,44,4,"4,317,947,700원","77,374,256,000원"
24회,2003년05월17일,7,8,27,29,36,43,6,0,0원,"78,486,634,000원"
25회,2003년05월24일,2,4,21,26,43,44,16,2,"24,227,745,300원","120,073,768,000원"
26회,2003년05월31일,4,5,7,18,20,25,31,5,"3,495,069,900원","80,193,026,000원"
27회,2003년06월07일,1,20,26,28,37,43,27,2,"9,543,982,500원","76,145,050,000원"
28회,2003년06월14일,9,18,23,25,35,37,1,10,"1,700,361,100원","75,448,366,000원"
29회,2003년06월21일,1,5,13,34,39,40,11,5,"3,552,594,000원","74,523,120,000원"
30회,2003년06월28일,8,17,20,35,36,44,4,2,"8,728,555,500원","72,399,690,000원"
31회,2003년07월05일,7,9,18,23,28,35,32,2,"8,106,672,900원","71,317,306,000원"
32회,2003년07월12일,6,14,19,25,34,44,11,10,"1,634,528,300원","71,179,198,000원"
33회,2003년07월19일,4,7,32,33,40,41,9,1,"14,903,517,600원","67,457,252,000원"
34회,2003년07월26일,9,26,35,37,40,42,2,5,"3,056,918,000원","69,389,894,000원"
35회,2003년08월02일,2,3,11,26,37,43,39,3,"5,054,598,200원","66,143,062,000원"
36회,2003년08월09일,1,10,23,26,28,40,31,1,"16,014,475,800원","66,856,686,000원"
37회,2003년08월16일,7,27,30,33,35,37,42,3,"4,985,999,400원","65,509,794,000원"
38회,2003년08월23일,16,17,22,30,37,43,36,3,"5,374,866,400원","67,369,284,000원"
39회,2003년08월30일,6,7,13,15,21,43,8,6,"2,623,748,800원","66,094,476,000원"
40회,2003년09월06일,7,13,18,19,25,26,6,13,"1,147,652,400원","65,699,086,000원"
41회,2003년09월13일,13,20,23,35,38,43,34,0,0원,"57,624,562,000원"
42회,2003년09월20일,17,18,19,21,23,32,1,6,"6,899,280,100원","119,909,740,000원"
43회,2003년09월27일,6,31,35,38,39,44,1,1,"17,749,630,800원","74,686,296,000원"
44회,2003년10월04일,3,11,21,30,38,45,39,5,"3,362,155,800원","69,956,950,000원"
45회,2003년10월11일,1,10,20,27,33,35,17,2,"8,356,417,800원","71,216,232,000원"
46회,2003년10월18일,8,13,15,23,31,38,39,3,"5,327,758,800원","68,181,568,000원"
47회,2003년10월25일,14,17,26,31,36,45,27,5,"3,250,042,400원","67,756,694,000원"
48회,2003년11월01일,6,10,18,26,37,38,3,6,"2,415,673,600원","65,806,832,000원"
49회,2003년11월08일,4,7,16,19,33,40,30,7,"1,967,504,600원","64,501,142,000원"
50회,2003년11월15일,2,10,12,15,22,44,1,3,"5,227,061,400원","65,563,234,000원"
51회,2003년11월22일,2,3,11,16,26,44,35,6,"2,421,117,000원","62,553,680,000원"
52회,2003년11월29일,2,4,15,16,20,29,1,4,"3,900,844,900원","64,393,446,000원"
53회,2003년12월06일,7,8,14,32,33,39,42,3,"5,014,371,000원","64,996,010,000원"
54회,2003년12월13일,1,8,21,27,36,39,37,3,"5,148,626,600원","63,833,006,000원"
55회,2003년12월20일,17,21,31,37,40,44,7,2,"7,088,799,600원","62,195,764,000원"
56회,2003년12월27일,10,14,30,31,33,37,19,4,"3,777,570,900원","65,258,932,000원"
57회,2004년01월03일,7,10,16,25,29,44,6,4,"4,114,411,900원","70,132,666,000원"
58회,2004년01월10일,10,24,25,33,40,44,1,4,"3,676,429,200원","66,638,136,000원"
59회,2004년01월17일,6,29,36,39,41,45,13,4,"4,127,587,300원","67,563,698,000원"
60회,2004년01월24일,2,8,25,36,39,42,11,7,"2,172,504,600원","65,405,936,000원"
61회,2004년01월31일,14,15,19,30,38,43,8,5,"3,541,038,800원","73,312,994,000원"
62회,2004년02월07일,3,8,15,27,29,35,21,1,"15,817,286,400원","66,740,368,000원"
63회,2004년02월14일,3,20,23,36,38,40,5,2,"7,922,245,500원","67,074,050,000원"
64회,2004년02월21일,14,15,18,21,26,36,39,4,"3,899,818,000원","65,085,154,000원"
65회,2004년02월28일,4,25,33,36,40,43,39,4,"3,727,945,800원","66,685,144,000원"
66회,2004년03월06일,2,3,7,17,22,24,45,4,"3,685,138,200원","63,378,796,000원"
67회,2004년03월13일,3,7,10,15,36,38,33,7,"2,114,436,500원","64,314,872,000원"
68회,2004년03월20일,10,12,15,16,26,39,38,5,"2,945,882,100원","63,813,236,000원"
69회,2004년03월27일,5,8,14,15,19,39,35,3,"4,962,712,200원","63,711,302,000원"
70회,2004년04월03일,5,19,22,25,28,43,26,3,"5,031,277,800원","63,232,578,000원"
71회,2004년04월10일,5,9,12,16,29,41,21,0,0원,"62,889,986,000원"
72회,2004년04월17일,2,4,11,17,26,27,1,13,"3,260,524,600원","125,651,214,000원"
73회,2004년04월24일,3,12,18,32,40,43,38,6,"2,766,662,100원","72,635,862,000원"
74회,2004년05월01일,6,15,17,18,35,40,23,3,"5,284,949,800원","68,902,158,000원"
75회,2004년05월08일,2,5,24,32,34,44,28,4,"3,914,616,900원","66,138,372,000원"
76회,2004년05월15일,1,3,15,22,25,37,43,2,"7,451,022,600원","65,083,924,000원"
77회,2004년05월22일,2,18,29,32,43,44,37,3,"5,155,758,600원","64,420,666,000원"
78회,2004년05월29일,10,13,25,29,33,35,38,4,"3,519,850,000원","61,257,794,000원"
79회,2004년06월05일,3,12,24,27,30,32,14,4,"3,416,443,800원","60,390,004,000원"
80회,2004년06월12일,17,18,24,25,26,30,1,1,"13,809,540,000원","60,160,440,000원"
81회,2004년06월19일,5,7,11,13,20,33,6,5,"2,714,288,880원","60,983,308,000원"
82회,2004년06월26일,1,2,3,14,27,42,39,1,"14,562,494,400원","61,302,808,000원"
83회,2004년07월03일,6,10,15,17,19,34,14,2,"7,086,948,300원","62,512,062,000원"
84회,2004년07월10일,16,23,27,34,42,45,11,2,"7,669,779,000원","62,780,760,000원"
85회,2004년07월17일,6,8,13,23,31,36,21,4,"3,462,109,800원","59,451,304,000원"
86회,2004년07월24일,2,12,37,39,41,45,33,1,"14,252,186,400원","59,835,968,000원"
87회,2004년07월31일,4,12,16,23,34,43,26,11,"1,799,358,055원","83,793,642,000원"
88회,2004년08월07일,1,17,20,24,30,41,27,4,"3,069,709,650원","51,910,612,000원"
89회,2004년08월14일,4,26,28,29,33,40,37,3,"4,248,321,900원","55,102,179,000원"
90회,2004년08월21일,17,20,29,35,38,44,10,4,"3,291,435,300원","55,493,544,000원"
91회,2004년08월28일,1,21,24,26,29,42,27,4,"3,582,902,400원","59,061,052,000원"
92회,2004년09월04일,3,14,24,33,35,36,17,11,"1,233,270,846원","58,296,001,000원"
93회,2004년09월11일,6,22,24,36,38,44,19,6,"2,269,178,150원","57,236,313,000원"
94회,2004년09월18일,5,32,34,40,41,45,6,6,"2,245,339,950원","57,144,729,000원"
95회,2004년09월25일,8,17,27,31,34,43,14,8,"1,747,741,238원","60,077,493,000원"
96회,2004년10월02일,1,3,8,21,22,31,20,7,"1,847,133,515원","54,217,572,000원"
97회,2004년10월09일,6,7,14,15,20,36,3,9,"1,496,214,000원","57,713,200,000원"
98회,2004년10월16일,6,9,16,23,24,32,43,4,"3,177,972,300원","56,231,084,000원"
99회,2004년10월23일,1,3,10,27,29,37,11,6,"2,169,219,050원","56,207,491,000원"
100회,2004년10월30일,1,7,11,23,37,42,6,4,"3,315,315,525원","56,561,977,000원"
101회,2004년11월06일,1,3,17,32,35,45,8,5,"2,707,297,500원","57,585,065,000원"
102회,2004년11월13일,17,22,24,26,35,40,42,9,"1,457,153,067원","56,937,962,000원"
103회,2004년11월20일,5,14,15,27,30,45,10,8,"1,691,589,563원","57,420,615,000원"
104회,2004년11월27일,17,32,33,34,42,44,35,2,"6,610,743,750원","56,533,705,000원"
105회,2004년12월04일,8,10,20,34,41,45,28,4,"3,416,781,450원","57,479,716,000원"
106회,2004년12월11일,4,10,12,22,24,33,29,16,"810,461,157원","57,384,485,000원"
107회,2004년12월18일,1,4,5,6,9,31,17,2,"6,679,927,800원","57,545,202,000원"
108회,2004년12월25일,7,18,22,23,29,44,12,7,"1,998,900,772원","58,875,228,000원"
109회,2005년01월01일,1,5,34,36,42,44,33,12,"1,246,838,200원","62,584,098,000원"
110회,2005년01월08일,7,20,22,23,29,43,1,3,"4,566,262,000원","57,625,490,000원"
111회,2005년01월15일,7,18,31,33,36,40,27,6,"2,199,047,450원","57,876,999,000원"
112회,2005년01월22일,26,29,30,33,41,42,43,9,"1,567,271,167원","59,292,005,000원"
113회,2005년01월29일,4,9,28,33,36,45,26,9,"1,561,528,934원","59,258,248,000원"
114회,2005년02월05일,11,14,19,26,28,41,2,6,"2,362,345,050원","60,079,401,000원"
115회,2005년02월12일,1,2,6,9,25,28,31,9,"1,488,589,567원","59,130,557,000원"
116회,2005년02월19일,2,4,25,31,34,37,17,7,"1,997,747,315원","61,606,084,000원"
117회,2005년02월26일,5,10,22,34,36,44,35,9,"1,558,378,334원","59,429,610,000원"
118회,2005년03월05일,3,4,10,17,19,22,38,10,"1,297,989,720원","57,171,934,000원"
119회,2005년03월12일,3,11,13,14,17,21,38,9,"1,474,899,400원","57,800,632,000원"
120회,2005년03월19일,4,6,10,11,32,37,30,3,"4,364,530,300원","57,418,983,000원"
121회,2005년03월26일,12,28,30,34,38,43,9,2,"6,839,648,100원","57,134,544,000원"
122회,2005년04월02일,1,11,16,17,36,40,8,9,"1,450,073,800원","56,171,704,000원"
123회,2005년04월09일,7,17,18,28,30,45,27,5,"2,532,982,680원","54,097,448,000원"
124회,2005년04월16일,4,16,23,25,29,42,1,9,"1,395,936,267원","54,180,838,000원"
125회,2005년04월23일,2,8,32,33,35,36,18,7,"1,754,870,786원","53,149,705,000원"
126회,2005년04월30일,7,20,22,27,40,43,1,9,"1,369,301,500원","52,748,965,000원"
127회,2005년05월07일,3,5,10,29,32,43,35,6,"1,965,939,150원","50,752,603,000원"
128회,2005년05월14일,12,30,34,36,37,45,39,6,"2,064,043,100원","52,310,392,000원"
129회,2005년05월21일,19,23,25,28,38,42,17,11,"1,093,629,655원","51,555,754,000원"
130회,2005년05월28일,7,19,24,27,42,45,31,4,"3,036,496,650원","51,359,012,000원"
131회,2005년06월04일,8,10,11,14,15,21,37,8,"1,451,214,488원","50,231,773,000원"
132회,2005년06월11일,3,17,23,34,41,45,43,4,"2,920,473,525원","49,921,897,000원"
133회,2005년06월18일,4,7,15,18,23,26,13,8,"1,450,242,600원","50,889,926,000원"
134회,2005년06월25일,3,12,20,23,31,35,43,5,"2,349,155,100원","50,445,575,000원"
135회,2005년07월02일,6,14,22,28,35,39,16,7,"1,717,293,515원","51,062,672,000원"
136회,2005년07월09일,2,16,30,36,41,42,11,6,"1,997,694,150원","51,144,633,000원"
137회,2005년07월16일,7,9,20,25,36,39,15,9,"1,270,403,467원","49,978,654,000원"
138회,2005년07월23일,10,11,27,28,37,39,19,5,"2,227,152,000원","47,688,450,000원"
139회,2005년07월30일,9,11,15,20,28,43,13,7,"1,650,210,215원","48,371,085,000원"
140회,2005년08월06일,3,13,17,18,19,28,8,5,"2,109,462,840원","45,983,464,000원"
141회,2005년08월13일,8,12,29,31,42,43,2,6,"1,900,552,400원","48,016,958,000원"
142회,2005년08월20일,12,16,30,34,40,44,19,11,"1,018,265,564원","48,012,844,000원"
143회,2005년08월27일,26,27,28,42,43,45,8,3,"3,954,584,700원","49,415,357,000원"
144회,2005년09월03일,4,15,17,26,36,37,43,8,"1,402,440,413원","49,202,521,000원"
145회,2005년09월10일,2,3,13,20,27,44,9,3,"3,797,838,200원","48,913,832,000원"
146회,2005년09월17일,2,19,27,35,41,42,25,2,"6,043,415,250원","50,677,555,000원"
147회,2005년09월24일,4,6,13,21,40,42,36,7,"1,700,040,215원","50,345,605,000원"
148회,2005년10월01일,21,25,33,34,35,36,17,5,"2,323,596,420원","49,523,247,000원"
149회,2005년10월08일,2,11,21,34,41,42,27,7,"1,639,052,143원","48,406,950,000원"
150회,2005년10월15일,2,18,25,28,37,39,16,4,"2,831,645,850원","48,763,778,000원"
151회,2005년10월22일,1,2,10,13,18,19,15,4,"2,716,634,025원","47,357,067,000원"
152회,2005년10월29일,1,5,13,26,29,34,43,5,"2,278,131,840원","48,180,334,000원"
153회,2005년11월05일,3,8,11,12,13,36,33,4,"2,730,526,125원","47,777,735,000원"
154회,2005년11월12일,6,19,21,35,40,45,20,4,"2,836,628,700원","48,022,386,000원"
155회,2005년11월19일,16,19,20,32,33,41,4,9,"1,193,005,734원","46,140,202,000원"
156회,2005년11월26일,5,18,28,30,42,45,2,8,"1,401,099,900원","47,344,584,000원"
157회,2005년12월03일,19,26,30,33,35,39,37,2,"5,484,903,750원","46,853,365,000원"
158회,2005년12월10일,4,9,13,18,21,34,7,10,"1,069,544,340원","46,368,888,000원"
159회,2005년12월17일,1,18,30,41,42,43,32,6,"1,755,407,300원","44,311,926,000원"
160회,2005년12월24일,3,7,8,34,39,41,1,2,"5,490,805,350원","46,833,239,000원"
161회,2005년12월31일,22,34,36,40,42,45,44,7,"1,996,876,272원","53,096,453,000원"
162회,2006년01월07일,1,5,21,25,38,41,24,5,"2,308,265,760원","49,050,086,000원"
163회,2006년01월14일,7,11,26,28,29,44,16,7,"1,629,726,515원","49,018,952,000원"
164회,2006년01월21일,6,9,10,11,39,41,27,3,"4,054,937,900원","53,052,119,000원"
165회,2006년01월28일,5,13,18,19,22,42,31,2,"6,767,426,700원","58,088,118,000원"
166회,2006년02월04일,9,12,27,36,39,45,14,11,"1,111,299,982원","52,157,466,000원"
167회,2006년02월11일,24,27,28,30,36,39,4,5,"2,491,222,920원","52,744,392,000원"
168회,2006년02월18일,3,10,31,40,42,43,30,5,"2,349,946,920원","51,496,212,000원"
169회,2006년02월25일,16,27,35,37,43,45,19,5,"2,482,888,380원","52,076,183,000원"
170회,2006년03월04일,2,11,13,15,31,42,10,6,"1,923,108,250원","49,718,245,000원"
171회,2006년03월11일,4,16,25,29,34,35,1,6,"1,961,339,700원","50,357,474,000원"
172회,2006년03월18일,4,19,21,24,26,41,35,11,"1,081,154,073원","50,758,266,000원"
173회,2006년03월25일,3,9,24,30,33,34,18,8,"1,487,736,788원","52,286,521,000원"
174회,2006년04월01일,13,14,18,22,35,39,16,7,"1,771,103,058원","52,340,568,000원"
175회,2006년04월08일,19,26,28,31,33,36,17,5,"2,371,132,620원","50,895,147,000원"
176회,2006년04월15일,4,17,30,32,33,34,15,5,"2,314,663,080원","50,488,528,000원"
177회,2006년04월22일,1,10,13,16,37,43,6,7,"1,693,285,500원","50,480,325,000원"
178회,2006년04월29일,1,5,11,12,18,23,9,5,"2,254,621,080원","49,582,758,000원"
179회,2006년05월06일,5,9,17,25,39,43,32,10,"1,081,093,920원","47,291,694,000원"
180회,2006년05월13일,2,15,20,21,29,34,22,2,"5,763,371,550원","48,895,477,000원"
181회,2006년05월20일,14,21,23,32,40,45,44,6,"1,941,763,300원","49,124,446,000원"
182회,2006년05월27일,13,15,27,29,34,40,35,3,"3,721,439,400원","47,222,594,000원"
183회,2006년06월03일,2,18,24,34,40,42,5,6,"1,777,221,500원","45,938,460,000원"
184회,2006년06월10일,1,2,6,16,20,33,41,6,"1,747,753,050원","45,503,351,000원"
185회,2006년06월17일,1,2,4,8,19,38,14,3,"3,522,485,800원","45,783,088,000원"
186회,2006년06월24일,4,10,14,19,21,45,9,9,"1,187,882,600원","45,484,428,000원"
187회,2006년07월01일,1,2,8,18,29,38,42,7,"1,544,733,900원","45,855,961,000원"
188회,2006년07월08일,19,24,27,30,31,34,36,3,"3,501,405,200원","45,176,242,000원"
189회,2006년07월15일,8,14,32,35,37,45,28,3,"3,461,775,100원","43,650,551,000원"
190회,2006년07월22일,8,14,18,30,31,44,15,6,"1,784,159,450원","44,864,459,000원"
191회,2006년07월29일,5,6,24,25,32,37,8,4,"2,577,114,675원","44,534,869,000원"
192회,2006년08월05일,4,8,11,18,37,45,33,4,"2,445,348,375원","42,035,065,000원"
193회,2006년08월12일,6,14,18,26,36,39,13,3,"3,404,449,700원","43,788,477,000원"
194회,2006년08월19일,15,20,23,26,39,44,28,4,"2,650,567,875원","44,511,515,000원"
195회,2006년08월26일,7,10,19,22,35,40,31,11,"918,992,591원","44,374,725,000원"
196회,2006년09월02일,35,36,37,41,44,45,30,15,"727,876,520원","45,773,496,000원"
197회,2006년09월09일,7,12,16,34,42,45,4,6,"1,803,018,300원","45,993,306,000원"
198회,2006년09월16일,12,19,20,25,41,45,2,6,"1,797,855,050원","45,614,021,000원"
199회,2006년09월23일,14,21,22,25,30,36,43,2,"5,344,252,200원","45,021,068,000원"
200회,2006년09월30일,5,6,13,14,17,20,7,8,"1,344,616,613원","46,640,423,000원"
201회,2006년10월07일,3,11,24,38,39,44,26,1,"9,719,465,400원","42,254,768,000원"
202회,2006년10월14일,12,14,27,33,39,44,17,6,"1,893,391,700원","48,304,034,000원"
203회,2006년10월21일,1,3,11,24,30,32,7,5,"2,164,564,740원","47,033,359,000원"
204회,2006년10월28일,3,12,14,35,40,45,5,8,"1,358,347,125원","46,077,750,000원"
205회,2006년11월04일,1,3,21,29,35,37,30,6,"1,835,221,800원","46,330,516,000원"
206회,2006년11월11일,1,2,3,15,20,25,43,5,"2,032,859,340원","44,326,979,000원"
207회,2006년11월18일,3,11,14,31,32,37,38,5,"2,104,673,760원","45,282,336,000원"
208회,2006년11월25일,14,25,31,34,40,44,24,6,"1,760,767,400원","45,516,378,000원"
209회,2006년12월02일,2,7,18,20,24,33,37,6,"1,660,896,350원","43,753,377,000원"
210회,2006년12월09일,10,19,22,23,25,37,39,2,"5,139,085,950원","44,757,963,000원"
211회,2006년12월16일,12,13,17,20,33,41,8,10,"1,035,800,250원","45,332,675,000원"
212회,2006년12월23일,11,12,18,21,31,38,8,4,"2,660,747,250원","46,139,120,000원"
213회,2006년12월30일,2,3,4,5,20,24,42,8,"1,376,678,025원","48,745,094,000원"
214회,2007년01월06일,5,7,20,25,28,37,32,8,"1,406,980,875원","49,195,740,000원"
215회,2007년01월13일,2,3,7,15,43,44,4,7,"1,587,689,615원","47,675,761,000원"
216회,2007년01월20일,7,16,17,33,36,40,1,13,"848,506,108원","48,342,018,000원"
217회,2007년01월27일,16,20,27,33,35,39,38,7,"1,611,246,172원","48,260,644,000원"
218회,2007년02월03일,1,8,14,18,29,44,20,4,"2,779,075,800원","47,018,314,000원"
219회,2007년02월10일,4,11,20,26,35,37,16,9,"1,208,409,167원","46,903,745,000원"
220회,2007년02월17일,5,11,19,21,34,43,31,6,"1,958,094,950원","50,383,399,000원"
221회,2007년02월24일,2,20,33,35,37,40,10,6,"1,800,104,250원","47,674,135,000원"
222회,2007년03월03일,5,7,28,29,39,43,44,5,"2,275,193,820원","47,735,197,000원"
223회,2007년03월10일,1,3,18,20,26,27,38,7,"1,498,170,600원","46,036,874,000원"
224회,2007년03월17일,4,19,26,27,30,42,7,6,"1,808,969,950원","46,435,109,000원"
225회,2007년03월24일,5,11,13,19,31,36,7,6,"1,777,201,800원","46,352,016,000원"
226회,2007년03월31일,2,6,8,14,21,22,34,6,"1,744,100,150원","45,145,643,000원"
227회,2007년04월07일,4,5,15,16,22,42,2,2,"5,253,542,400원","44,444,776,000원"
228회,2007년04월14일,17,25,35,36,39,44,23,9,"1,146,700,334원","44,764,100,000원"
229회,2007년04월21일,4,5,9,11,23,38,35,7,"1,451,441,100원","44,762,989,000원"
230회,2007년04월28일,5,11,14,29,32,33,12,8,"1,292,929,163원","44,191,351,000원"
231회,2007년05월05일,5,10,19,31,44,45,27,9,"1,088,365,900원","42,355,627,000원"
232회,2007년05월12일,8,9,10,12,24,44,35,9,"1,110,918,400원","43,564,632,000원"
233회,2007년05월19일,4,6,13,17,28,40,39,10,"999,153,750원","43,516,805,000원"
234회,2007년05월26일,13,21,22,24,26,37,4,4,"2,519,743,875원","42,814,085,000원"
235회,2007년06월02일,21,22,26,27,31,37,8,3,"3,433,330,100원","43,347,391,000원"
236회,2007년06월09일,1,4,8,13,37,39,7,2,"5,030,040,150원","42,941,871,000원"
237회,2007년06월16일,1,11,17,21,24,44,33,7,"1,440,630,729원","43,358,287,000원"
238회,2007년06월23일,2,4,15,28,31,34,35,9,"1,121,660,567원","42,952,477,000원"
239회,2007년06월30일,11,15,24,39,41,44,7,9,"1,134,140,167원","43,296,565,000원"
240회,2007년07월07일,6,10,16,40,41,43,21,2,"5,098,251,450원","43,603,443,000원"
241회,2007년07월14일,2,16,24,27,28,35,21,4,"2,552,016,300원","43,246,894,000원"
242회,2007년07월21일,4,19,20,21,32,34,43,8,"1,234,542,375원","42,679,760,000원"
243회,2007년07월28일,2,12,17,19,28,42,34,4,"2,408,850,000원","41,304,830,000원"
244회,2007년08월04일,13,16,25,36,37,38,19,1,"9,121,583,100원","39,411,047,000원"
245회,2007년08월11일,9,11,27,31,32,38,22,7,"1,382,583,129원","41,854,623,000원"
246회,2007년08월18일,13,18,21,23,26,39,15,5,"1,911,774,240원","41,453,154,000원"
247회,2007년08월25일,12,15,28,36,39,40,13,6,"1,669,313,900원","42,231,698,000원"
248회,2007년09월01일,3,8,17,23,38,45,13,8,"1,227,479,363원","42,348,403,000원"
249회,2007년09월08일,3,8,27,31,41,44,11,6,"1,663,568,700원","42,539,134,000원"
250회,2007년09월15일,19,23,30,37,43,45,38,5,"1,994,726,280원","42,122,808,000원"
251회,2007년09월22일,6,7,19,25,28,38,45,8,"1,282,616,400원","44,493,014,000원"
252회,2007년09월29일,14,23,26,31,39,45,28,7,"1,391,089,715원","41,207,920,000원"
253회,2007년10월06일,8,19,25,31,34,36,33,4,"2,466,189,525원","42,309,347,000원"
254회,2007년10월13일,1,5,19,20,24,30,27,1,"9,741,015,900원","42,259,113,000원"
255회,2007년10월20일,1,5,6,24,27,42,32,6,"1,598,618,550원","41,425,341,000원"
256회,2007년10월27일,4,11,14,21,23,43,32,2,"4,891,017,000원","41,996,580,000원"
257회,2007년11월03일,6,13,27,31,32,37,4,4,"2,391,377,025원","41,433,637,000원"
258회,2007년11월10일,14,27,30,31,38,40,17,4,"2,426,434,350원","41,364,428,000원"
259회,2007년11월17일,4,5,14,35,42,45,34,2,"4,838,533,500원","40,905,570,000원"
260회,2007년11월24일,7,12,15,24,37,40,43,4,"2,310,085,575원","40,140,211,000원"
261회,2007년12월01일,6,11,16,18,31,43,2,3,"3,192,299,100원","41,215,041,000원"
262회,2007년12월08일,9,12,24,25,29,31,36,2,"4,518,741,600원","39,232,234,000원"
263회,2007년12월15일,1,27,28,32,37,40,18,6,"1,551,704,900원","39,677,128,000원"
264회,2007년12월22일,9,16,27,36,41,44,5,7,"1,344,889,200원","39,783,178,000원"
265회,2007년12월29일,5,9,34,37,38,39,12,8,"1,200,838,575원","40,913,922,000원"
266회,2008년01월05일,3,4,9,11,22,42,37,3,"3,207,211,700원","41,937,067,000원"
267회,2008년01월12일,7,8,24,34,36,41,1,3,"3,257,663,300원","41,835,853,000원"
268회,2008년01월19일,3,10,19,24,32,45,12,7,"1,350,954,515원","41,213,802,000원"
269회,2008년01월26일,5,18,20,36,42,43,32,5,"1,961,399,940원","41,357,619,000원"
270회,2008년02월02일,5,9,12,20,21,26,27,5,"1,927,830,060원","41,845,351,000원"
271회,2008년02월09일,3,8,9,27,29,40,36,6,"1,565,918,150원","40,879,633,000원"
272회,2008년02월16일,7,9,12,27,39,43,28,9,"1,104,622,800원","43,310,674,000원"
273회,2008년02월23일,1,8,24,31,34,44,6,3,"3,339,543,100원","42,816,211,000원"
274회,2008년03월01일,13,14,15,26,35,39,25,4,"2,505,085,575원","42,631,711,000원"
275회,2008년03월08일,14,19,20,35,38,40,26,1,"10,044,066,900원","42,329,813,000원"
276회,2008년03월15일,4,15,21,33,39,41,25,3,"3,312,569,000원","42,567,610,000원"
277회,2008년03월22일,10,12,13,15,25,29,20,3,"3,272,627,800원","41,868,708,000원"
278회,2008년03월29일,3,11,37,39,41,43,13,3,"3,186,530,000원","41,088,180,000원"
279회,2008년04월05일,7,16,31,36,37,38,11,5,"1,914,205,320원","41,130,542,000원"
280회,2008년04월12일,10,11,23,24,36,37,35,7,"1,355,258,529원","40,673,999,000원"
281회,2008년04월19일,1,3,4,6,14,41,12,6,"1,554,683,200원","40,800,514,000원"
282회,2008년04월26일,2,5,10,18,31,32,30,7,"1,322,052,643원","41,051,175,000원"
283회,2008년05월03일,6,8,18,31,38,45,42,3,"3,137,224,600원","40,133,316,000원"
284회,2008년05월10일,2,7,15,24,30,45,28,3,"3,117,640,300원","39,773,403,000원"
285회,2008년05월17일,13,33,37,40,41,45,2,3,"3,164,370,100원","40,364,871,000원"
286회,2008년05월24일,1,15,19,40,42,44,17,3,"3,236,566,300원","40,944,483,000원"
287회,2008년05월31일,6,12,24,27,35,37,41,7,"1,328,657,100원","40,623,489,000원"
288회,2008년06월07일,1,12,17,28,35,41,10,4,"2,357,261,550원","39,970,134,000원"
289회,2008년06월14일,3,14,33,37,38,42,10,0,0원,"39,406,643,000원"
290회,2008년06월21일,8,13,18,32,39,45,7,13,"2,149,214,424원","80,362,302,000원"
291회,2008년06월28일,3,7,8,18,20,42,45,7,"1,450,585,200원","44,143,418,000원"
292회,2008년07월05일,17,18,31,32,33,34,10,14,"720,373,950원","43,394,631,000원"
293회,2008년07월12일,1,9,17,21,29,33,24,6,"1,656,764,400원","42,399,708,000원"
294회,2008년07월19일,6,10,17,30,37,38,40,4,"2,406,504,975원","41,563,813,000원"
295회,2008년07월26일,1,4,12,16,18,38,8,0,0원,"42,248,135,000원"
296회,2008년08월02일,3,8,15,27,30,45,44,8,"3,066,088,275원","63,377,899,000원"
297회,2008년08월09일,6,11,19,20,28,32,34,2,"5,056,668,750원","43,641,475,000원"
298회,2008년08월16일,5,9,27,29,37,40,19,1,"9,909,778,500원","43,151,675,000원"
299회,2008년08월23일,1,3,20,25,36,45,24,7,"1,483,772,529원","44,463,909,000원"
300회,2008년08월30일,7,9,10,12,26,38,39,12,"836,092,425원","44,465,047,000원"
301회,2008년09월06일,7,11,13,33,37,43,26,7,"1,447,385,015원","44,377,177,000원"
302회,2008년09월13일,13,19,20,32,38,42,4,2,"5,472,167,250원","46,382,605,000원"
303회,2008년09월20일,2,14,17,30,38,45,43,6,"1,672,749,000원","42,841,760,000원"
304회,2008년09월27일,4,10,16,26,33,41,38,6,"1,661,646,150원","43,158,653,000원"
305회,2008년10월04일,7,8,18,21,23,39,9,5,"2,008,210,140원","43,960,659,000원"
306회,2008년10월11일,4,18,23,30,34,41,19,5,"2,102,669,520원","44,421,462,000원"
307회,2008년10월18일,5,15,21,23,25,45,12,4,"2,587,643,250원","43,880,990,000원"
308회,2008년10월25일,14,15,17,19,37,45,40,1,"10,232,872,800원","43,339,416,000원"
309회,2008년11월01일,1,2,5,11,18,36,22,11,"901,622,946원","44,157,528,000원"
310회,2008년11월08일,1,5,19,28,34,41,16,8,"1,296,713,325원","43,718,082,000원"
311회,2008년11월15일,4,12,24,27,28,32,10,8,"1,237,691,063원","43,209,215,000원"
312회,2008년11월22일,2,3,5,6,12,20,25,15,"629,017,820원","42,255,391,000원"
313회,2008년11월29일,9,17,34,35,43,45,2,6,"1,715,422,800원","43,672,096,000원"
314회,2008년12월06일,15,17,19,34,38,41,2,6,"1,660,512,200원","42,328,094,000원"
315회,2008년12월13일,1,13,33,35,43,45,23,8,"1,308,728,625원","44,339,180,000원"
316회,2008년12월20일,10,11,21,27,31,39,43,6,"1,673,586,400원","44,073,768,000원"
317회,2008년12월27일,3,10,11,22,36,39,8,4,"2,576,258,550원","44,135,114,000원"
318회,2009년01월03일,2,17,19,20,34,45,21,9,"1,207,436,600원","46,663,728,000원"
319회,2009년01월10일,5,8,22,28,33,42,37,5,"2,135,659,380원","45,435,183,000원"
320회,2009년01월17일,16,19,23,25,41,45,3,2,"5,513,067,900원","46,659,886,000원"
321회,2009년01월24일,12,18,20,21,25,34,42,6,"1,959,136,100원","50,617,982,000원"
322회,2009년01월31일,9,18,29,32,38,43,20,6,"1,904,544,700원","48,948,294,000원"
323회,2009년02월07일,10,14,15,32,36,42,3,8,"1,461,025,388원","49,209,477,000원"
324회,2009년02월14일,2,4,21,25,33,36,17,6,"1,865,130,350원","47,988,317,000원"
325회,2009년02월21일,7,17,20,32,44,45,33,6,"1,806,122,450원","46,636,979,000원"
326회,2009년02월28일,16,23,25,33,36,39,40,6,"1,832,134,550원","47,224,551,000원"
327회,2009년03월07일,6,12,13,17,32,44,24,12,"882,674,750원","45,791,560,000원"
328회,2009년03월14일,1,6,9,16,17,28,24,6,"1,819,795,900원","47,316,988,000원"
329회,2009년03월21일,9,17,19,30,35,42,4,6,"1,830,391,200원","47,198,504,000원"
330회,2009년03월28일,3,4,16,17,19,20,23,9,"1,162,280,200원","45,859,496,000원"
331회,2009년04월04일,4,9,14,26,31,44,39,5,"2,165,902,620원","46,641,467,000원"
332회,2009년04월11일,16,17,34,36,42,45,3,8,"1,359,448,388원","46,042,557,000원"
333회,2009년04월18일,5,14,27,30,39,43,35,7,"1,550,987,143원","46,019,070,000원"
334회,2009년04월25일,13,15,21,29,39,43,33,7,"1,523,002,972원","44,439,656,000원"
335회,2009년05월02일,5,9,16,23,26,45,21,5,"2,037,492,480원","43,977,478,000원"
336회,2009년05월09일,3,5,20,34,35,44,16,6,"1,685,632,650원","43,069,333,000원"
337회,2009년05월16일,1,5,14,18,32,37,4,8,"1,257,500,513원","43,432,467,000원"
338회,2009년05월23일,2,13,34,38,42,45,16,3,"3,383,431,000원","43,136,020,000원"
339회,2009년05월30일,6,8,14,21,30,37,45,9,"1,096,778,334원","42,035,640,000원"
340회,2009년06월06일,18,24,26,29,34,38,32,7,"1,439,393,186원","42,892,121,000원"
341회,2009년06월13일,1,8,19,34,39,43,41,7,"1,497,207,772원","44,722,448,000원"
342회,2009년06월20일,1,13,14,33,34,43,25,3,"3,454,095,800원","43,782,188,000원"
343회,2009년06월27일,1,10,17,29,31,43,15,6,"1,717,153,000원","43,656,460,000원"
344회,2009년07월04일,1,2,15,28,34,45,38,7,"1,467,106,543원","43,838,886,000원"
345회,2009년07월11일,15,20,23,29,39,42,2,2,"5,203,577,550원","43,530,937,000원"
346회,2009년07월18일,5,13,14,22,44,45,33,5,"2,017,727,340원","42,862,389,000원"
347회,2009년07월25일,3,8,13,27,32,42,10,7,"1,456,624,286원","44,219,740,000원"
348회,2009년08월01일,3,14,17,20,24,31,34,3,"3,299,994,000원","42,786,310,000원"
349회,2009년08월08일,5,13,14,20,24,25,36,3,"3,353,209,000원","43,433,870,000원"
350회,2009년08월15일,1,8,18,24,29,33,35,9,"1,101,052,467원","42,681,094,000원"
351회,2009년08월22일,5,25,27,29,34,36,33,4,"2,583,357,150원","43,947,492,000원"
352회,2009년08월29일,5,16,17,20,26,41,24,6,"1,732,858,250원","44,719,545,000원"
353회,2009년09월05일,11,16,19,22,29,36,26,2,"5,290,838,250원","44,552,925,000원"
354회,2009년09월12일,14,19,36,43,44,45,1,5,"2,124,464,340원","44,709,689,000원"
355회,2009년09월19일,5,8,29,30,35,44,38,5,"2,145,424,800원","45,017,050,000원"
356회,2009년09월26일,2,8,14,25,29,45,24,9,"1,157,185,267원","44,684,958,000원"
357회,2009년10월03일,10,14,18,21,36,37,5,2,"5,313,394,350원","45,232,409,000원"
358회,2009년10월10일,1,9,10,12,21,40,37,3,"3,472,654,900원","45,651,829,000원"
359회,2009년10월17일,1,10,19,20,24,40,23,8,"1,286,712,600원","45,288,256,000원"
360회,2009년10월24일,4,16,23,25,35,40,27,3,"3,566,716,200원","45,719,032,000원"
361회,2009년10월31일,5,10,16,24,27,35,33,7,"1,473,115,115원","45,062,676,000원"
362회,2009년11월07일,2,3,22,27,30,40,29,6,"1,729,424,650원","44,336,363,000원"
363회,2009년11월14일,11,12,14,21,32,38,6,4,"2,615,910,600원","44,863,948,000원"
364회,2009년11월21일,2,5,7,14,16,40,4,4,"2,531,914,800원","44,192,004,000원"
365회,2009년11월28일,5,15,21,25,26,30,31,1,"10,697,716,800원","45,806,066,000원"
366회,2009년12월05일,5,12,19,26,27,44,38,2,"5,351,553,900원","45,962,166,000원"
367회,2009년12월12일,3,22,25,29,32,44,19,7,"1,581,736,586원","46,459,307,000원"
368회,2009년12월19일,11,21,24,30,39,45,26,7,"1,465,825,115원","43,746,046,000원"
369회,2009년12월26일,17,20,35,36,41,43,21,6,"1,842,177,750원","46,716,275,000원"
370회,2010년01월02일,16,18,24,42,44,45,17,7,"1,678,941,943원","49,762,652,000원"
371회,2010년01월09일,7,9,15,26,27,42,18,7,"1,524,130,543원","45,843,166,000원"
372회,2010년01월16일,8,11,14,16,18,21,13,9,"1,192,593,200원","46,167,066,000원"
373회,2010년01월23일,15,26,37,42,43,45,9,4,"2,791,801,125원","47,095,065,000원"
374회,2010년01월30일,11,13,15,17,25,34,26,2,"5,528,717,850원","48,081,319,000원"
375회,2010년02월06일,4,8,19,25,27,45,7,7,"1,581,284,058원","47,864,938,000원"
376회,2010년02월13일,1,11,13,24,28,40,7,6,"1,956,915,800원","50,657,096,000원"
377회,2010년02월20일,6,22,29,37,43,45,23,3,"3,912,085,400원","49,218,434,000원"
378회,2010년02월27일,5,22,29,31,34,39,43,5,"2,317,698,240원","48,866,964,000원"
379회,2010년03월06일,6,10,22,31,35,40,19,7,"1,598,999,786원","47,537,685,000원"
380회,2010년03월13일,1,2,8,17,26,37,27,4,"2,684,274,825원","47,164,371,000원"
381회,2010년03월20일,1,5,10,12,16,20,11,19,"565,738,895원","47,943,113,000원"
382회,2010년03월27일,10,15,22,24,27,42,19,6,"1,846,674,900원","47,401,288,000원"
383회,2010년04월03일,4,15,28,33,37,40,25,3,"3,596,522,100원","46,067,051,000원"
384회,2010년04월10일,11,22,24,32,36,38,7,3,"3,658,734,200원","46,888,942,000원"
385회,2010년04월17일,7,12,19,21,29,32,9,7,"1,542,032,700원","46,243,483,000원"
386회,2010년04월24일,4,7,10,19,31,40,26,10,"1,042,953,330원","45,907,331,000원"
387회,2010년05월01일,1,26,31,34,40,43,20,4,"2,675,533,500원","45,459,960,000원"
388회,2010년05월08일,1,8,9,17,29,32,45,4,"2,545,543,875원","44,308,705,000원"
389회,2010년05월15일,7,16,18,20,23,26,3,5,"2,119,027,020원","45,534,027,000원"
390회,2010년05월22일,16,17,28,37,39,40,15,1,"10,373,997,900원","44,189,673,000원"
391회,2010년05월29일,10,11,18,22,28,39,30,1,"10,508,749,800원","45,161,516,000원"
392회,2010년06월05일,1,3,7,8,24,42,43,6,"1,713,528,700원","45,528,684,000원"
393회,2010년06월12일,9,16,28,40,41,43,21,8,"1,362,003,975원","45,989,116,000원"
394회,2010년06월19일,1,13,20,22,25,28,15,1,"10,654,349,100원","45,192,337,000원"
395회,2010년06월26일,11,15,20,26,31,35,7,7,"1,534,635,000원","46,192,580,000원"
396회,2010년07월03일,18,20,31,34,40,45,30,2,"5,296,622,400원","45,463,736,000원"
397회,2010년07월10일,12,13,17,22,25,33,8,3,"3,499,519,700원","45,890,007,000원"
398회,2010년07월17일,10,15,20,23,42,44,7,4,"2,680,625,550원","45,427,304,000원"
399회,2010년07월24일,1,2,9,17,19,42,20,8,"1,276,854,975원","45,551,786,000원"
400회,2010년07월31일,9,21,27,34,41,43,2,4,"2,669,834,325원","45,379,731,000원"
401회,2010년08월07일,6,12,18,31,38,43,9,9,"1,168,214,792원","43,491,965,000원"
402회,2010년08월14일,5,9,15,19,22,36,32,4,"2,662,206,188원","45,002,946,000원"
403회,2010년08월21일,10,14,22,24,28,37,26,5,"2,122,396,875원","44,911,335,000원"
404회,2010년08월28일,5,20,21,24,33,40,36,3,"3,566,659,375원","45,389,825,000원"
405회,2010년09월04일,1,2,10,25,26,44,4,3,"3,543,878,000원","45,220,904,000원"
406회,2010년09월11일,7,12,21,24,27,36,45,5,"2,156,142,450원","46,062,206,000원"
407회,2010년09월18일,6,7,13,16,24,25,1,7,"1,649,707,286원","48,429,586,000원"
408회,2010년09월25일,9,20,21,22,30,37,16,5,"2,235,375,825원","46,406,711,000원"
409회,2010년10월02일,6,9,21,31,32,40,38,4,"2,896,989,750원","47,924,584,000원"
410회,2010년10월09일,1,3,18,32,40,41,16,9,"1,249,335,709원","47,467,817,000원"
411회,2010년10월16일,11,14,22,35,37,39,5,12,"953,227,563원","47,259,122,000원"
412회,2010년10월23일,4,7,39,41,42,45,40,7,"1,656,199,822원","47,066,180,000원"
413회,2010년10월30일,2,9,15,23,34,40,3,4,"2,814,673,500원","46,925,724,000원"
414회,2010년11월06일,2,14,15,22,23,44,43,1,"11,703,832,500원","46,910,990,000원"
415회,2010년11월13일,7,17,20,26,30,40,24,8,"1,334,182,407원","46,746,048,000원"
416회,2010년11월20일,5,6,8,11,22,26,44,10,"1,072,037,100원","46,854,806,000원"
417회,2010년11월27일,4,5,14,20,22,43,44,4,"2,818,329,938원","45,968,256,000원"
418회,2010년12월04일,11,13,15,26,28,34,31,8,"1,435,649,766원","47,058,055,000원"
419회,2010년12월11일,2,11,13,14,28,30,7,3,"3,796,490,750원","46,508,296,000원"
420회,2010년12월18일,4,9,10,29,31,34,27,8,"1,424,856,375원","47,345,476,000원"
421회,2010년12월25일,6,11,26,27,28,44,30,5,"2,321,144,325원","47,752,021,000원"
422회,2011년01월01일,8,15,19,21,34,44,12,6,"2,205,251,375원","52,730,602,000원"
423회,2011년01월08일,1,17,27,28,29,40,5,3,"3,896,153,875원","49,668,311,000원"
424회,2011년01월15일,10,11,26,31,34,44,30,10,"1,109,480,813원","48,728,445,000원"
425회,2011년01월22일,8,10,14,27,33,38,3,8,"1,534,833,000원","50,459,694,000원"
426회,2011년01월29일,4,17,18,27,39,43,19,4,"3,057,233,625원","51,466,592,000원"
427회,2011년02월05일,6,7,15,24,28,30,21,1,"12,571,445,625원","52,511,055,000원"
428회,2011년02월12일,12,16,19,22,37,40,8,9,"1,437,683,209원","54,685,007,000원"
429회,2011년02월19일,3,23,28,34,39,42,16,9,"1,485,904,709원","53,993,833,000원"
430회,2011년02월26일,1,3,16,18,30,34,44,8,"1,611,763,219원","53,194,872,000원"
431회,2011년03월05일,18,22,25,31,38,45,6,10,"1,268,434,013원","51,661,947,000원"
432회,2011년03월12일,2,3,5,11,27,39,33,5,"2,299,427,550원","52,348,574,000원"
433회,2011년03월19일,19,23,29,33,35,43,27,11,"1,182,294,410원","52,396,606,000원"
434회,2011년03월26일,3,13,20,24,33,37,35,8,"1,480,060,266원","51,579,439,000원"
435회,2011년04월02일,8,16,26,30,38,45,42,10,"1,287,550,013원","52,341,267,000원"
436회,2011년04월09일,9,14,20,22,33,34,28,8,"1,512,266,579원","50,869,017,000원"
437회,2011년04월16일,11,16,29,38,41,44,21,6,"2,096,245,438원","50,798,417,000원"
438회,2011년04월23일,6,12,20,26,29,38,45,9,"1,377,142,167원","50,370,042,000원"
439회,2011년04월30일,17,20,30,31,37,40,25,6,"1,900,077,375원","49,680,708,000원"
440회,2011년05월07일,10,22,28,34,36,44,2,6,"1,995,873,000원","49,810,778,000원"
441회,2011년05월14일,1,23,28,30,34,35,9,4,"3,170,417,063원","50,272,122,000원"
442회,2011년05월21일,25,27,29,36,38,40,41,9,"1,413,413,042원","51,219,943,000원"
443회,2011년05월28일,4,6,10,19,20,44,14,9,"1,327,597,584원","51,236,072,000원"
444회,2011년06월04일,11,13,23,35,43,45,17,3,"4,154,188,625원","50,673,529,000원"
445회,2011년06월11일,13,20,21,30,39,45,32,7,"1,791,683,036원","50,053,080,000원"
446회,2011년06월18일,1,11,12,14,26,35,6,3,"4,051,247,625원","50,595,241,000원"
447회,2011년06월25일,2,7,8,9,17,33,34,4,"2,657,941,125원","49,555,042,000원"
448회,2011년07월02일,3,7,13,27,40,41,36,3,"4,026,212,750원","51,341,262,000원"
449회,2011년07월09일,3,10,20,26,35,43,36,3,"4,059,715,250원","50,214,272,000원"
450회,2011년07월16일,6,14,19,21,23,31,13,6,"1,990,391,625원","49,732,036,000원"
451회,2011년07월23일,12,15,20,24,30,38,29,13,"882,138,952원","49,861,167,000원"
452회,2011년07월30일,8,10,18,30,32,34,27,9,"1,276,902,000원","48,456,758,000원"
453회,2011년08월06일,12,24,33,38,40,42,30,5,"2,262,732,375원","48,055,125,000원"
454회,2011년08월13일,13,25,27,34,38,41,10,7,"1,609,125,590원","48,389,211,000원"
455회,2011년08월20일,4,19,20,26,30,35,24,7,"1,635,711,483원","48,769,851,000원"
456회,2011년08월27일,1,7,12,18,23,27,44,7,"1,598,505,054원","49,420,681,000원"
457회,2011년09월03일,8,10,18,23,27,40,33,10,"1,159,902,825원","49,679,052,000원"
458회,2011년09월10일,4,9,10,32,36,40,18,8,"1,608,812,625원","53,778,256,000원"
459회,2011년09월17일,4,6,10,14,25,40,12,7,"1,655,842,233원","49,890,095,000원"
460회,2011년09월24일,8,11,28,30,43,45,41,4,"3,180,895,782원","51,917,635,000원"
461회,2011년10월01일,11,18,26,31,37,40,43,6,"1,948,674,875원","50,624,588,000원"
462회,2011년10월08일,3,20,24,32,37,45,4,8,"1,483,559,297원","49,325,555,000원"
463회,2011년10월15일,23,29,31,33,34,44,40,0,0원,"49,205,151,000원"
464회,2011년10월22일,6,12,15,34,42,44,4,13,"3,355,721,106원","126,772,274,000원"
465회,2011년10월29일,1,8,11,13,22,38,31,7,"1,923,662,893원","57,793,294,000원"
466회,2011년11월05일,4,10,13,23,32,44,20,9,"1,530,313,459원","58,314,753,000원"
467회,2011년11월12일,2,12,14,17,24,40,39,9,"1,435,441,084원","57,383,906,000원"
468회,2011년11월19일,8,13,15,28,37,43,17,9,"1,527,197,167원","55,598,552,000원"
469회,2011년11월26일,4,21,22,34,37,38,33,4,"3,330,131,250원","53,364,940,000원"
470회,2011년12월03일,10,16,20,39,41,42,27,3,"4,333,330,625원","53,912,965,000원"
471회,2011년12월10일,6,13,29,37,39,41,43,7,"1,939,332,858원","53,492,340,000원"
472회,2011년12월17일,16,25,26,31,36,43,44,7,"1,809,656,090원","51,929,207,000원"
473회,2011년12월24일,8,13,20,22,23,36,34,4,"3,250,418,063원","52,867,236,000원"
474회,2011년12월31일,4,13,18,31,33,45,43,15,"936,690,800원","58,978,482,000원"
475회,2012년01월07일,1,9,14,16,21,29,3,8,"1,693,923,047원","56,043,275,000원"
476회,2012년01월14일,9,12,13,15,37,38,27,4,"3,439,851,469원","55,591,819,000원"
477회,2012년01월21일,14,25,29,32,33,45,37,8,"1,919,011,829원","60,801,409,000원"
478회,2012년01월28일,18,29,30,37,39,43,8,14,"987,224,759원","54,975,901,000원"
479회,2012년02월04일,8,23,25,27,35,44,24,6,"2,233,046,500원","54,848,834,000원"
480회,2012년02월11일,3,5,10,17,30,31,16,4,"2,996,742,282원","55,415,681,000원"
481회,2012년02월18일,3,4,23,29,40,41,20,3,"4,639,355,750원","55,642,616,000원"
482회,2012년02월25일,1,10,16,24,25,35,43,7,"1,897,921,179원","56,201,452,000원"
483회,2012년03월03일,12,15,19,22,28,34,5,5,"2,567,196,675원","55,582,659,000원"
484회,2012년03월10일,1,3,27,28,32,45,11,6,"2,305,303,063원","55,885,979,000원"
485회,2012년03월17일,17,22,26,27,36,39,20,9,"1,501,474,917원","55,692,878,000원"
486회,2012년03월24일,1,2,23,25,38,40,43,13,"1,008,634,125원","54,540,823,000원"
487회,2012년03월31일,4,8,25,27,37,41,21,8,"1,638,830,766원","55,276,503,000원"
488회,2012년04월07일,2,8,17,30,31,38,25,10,"1,330,393,575원","54,213,092,000원"
489회,2012년04월14일,2,4,8,15,20,27,11,6,"2,106,360,625원","53,558,490,000원"
490회,2012년04월21일,2,7,26,29,40,43,42,7,"1,860,234,161원","52,590,121,000원"
491회,2012년04월28일,8,17,35,36,39,42,4,4,"3,304,634,438원","53,413,874,000원"
492회,2012년05월05일,22,27,31,35,37,40,42,5,"2,493,013,800원","51,693,454,000원"
493회,2012년05월12일,20,22,26,33,36,37,25,9,"1,451,120,334원","53,231,838,000원"
494회,2012년05월19일,5,7,8,15,30,43,22,12,"1,054,588,407원","53,321,589,000원"
495회,2012년05월26일,4,13,22,27,34,44,6,6,"2,111,645,000원","53,645,960,000원"
496회,2012년06월02일,4,13,20,29,36,41,39,4,"3,285,932,250원","52,915,804,000원"
497회,2012년06월09일,19,20,23,24,43,44,13,6,"2,222,817,813원","52,411,585,000원"
498회,2012년06월16일,13,14,24,32,39,41,3,4,"3,244,503,094원","52,851,253,000원"
499회,2012년06월23일,5,20,23,27,35,40,43,3,"4,070,480,250원","52,767,632,000원"
500회,2012년06월30일,3,4,12,20,24,34,41,9,"1,351,072,375원","54,012,267,000원"
501회,2012년07월07일,1,4,10,17,31,42,2,4,"3,025,200,094원","52,717,711,000원"
502회,2012년07월14일,6,22,28,32,34,40,26,6,"2,201,458,125원","54,000,640,000원"
503회,2012년07월21일,1,5,27,30,34,36,40,7,"1,853,634,911원","53,572,205,000원"
504회,2012년07월28일,6,14,22,26,43,44,31,9,"1,443,236,959원","51,787,037,000원"
505회,2012년08월04일,7,20,22,25,38,40,44,6,"1,917,955,188원","49,103,223,000원"
506회,2012년08월11일,6,9,11,22,24,30,31,3,"4,073,333,875원","52,363,311,000원"
507회,2012년08월18일,12,13,32,33,40,41,4,9,"1,416,438,875원","53,638,773,000원"
508회,2012년08월25일,5,27,31,34,35,43,37,8,"1,599,557,860원","54,010,391,000원"
509회,2012년09월01일,12,25,29,35,42,43,24,5,"2,689,076,100원","53,390,358,000원"
510회,2012년09월08일,12,29,32,33,39,40,42,5,"2,644,158,150원","53,964,992,000원"
511회,2012년09월15일,3,7,14,23,26,42,24,6,"2,165,579,250원","53,970,308,000원"
512회,2012년09월22일,4,5,9,13,26,27,1,13,"940,094,452원","54,017,801,000원"
513회,2012년09월29일,5,8,21,23,27,33,12,3,"4,589,624,750원","58,317,548,000원"
514회,2012년10월06일,1,15,20,26,35,42,9,3,"4,451,055,500원","54,452,404,000원"
515회,2012년10월13일,2,11,12,15,23,37,8,1,"13,200,466,875원","55,258,935,000원"
516회,2012년10월20일,2,8,23,41,43,44,30,11,"1,294,190,182원","56,385,762,000원"
517회,2012년10월27일,1,9,12,28,36,41,10,5,"2,659,057,725원","54,468,223,000원"
518회,2012년11월03일,14,23,30,32,34,38,6,6,"2,263,804,125원","55,321,566,000원"
519회,2012년11월10일,6,8,13,16,30,43,3,7,"1,950,601,393원","55,614,206,000원"
520회,2012년11월17일,4,22,27,28,38,40,1,6,"2,167,205,438원","55,003,797,000원"
521회,2012년11월24일,3,7,18,29,32,36,19,8,"1,693,420,922원","56,185,373,000원"
522회,2012년12월01일,4,5,13,14,37,41,11,6,"2,281,623,000원","57,053,378,000원"
523회,2012년12월08일,1,4,37,38,40,45,7,7,"1,780,355,840원","53,678,449,000원"
524회,2012년12월15일,10,11,29,38,41,45,21,4,"3,491,695,594원","55,662,103,000원"
525회,2012년12월22일,11,23,26,29,39,44,22,9,"1,501,132,375원","55,566,007,000원"
526회,2012년12월29일,7,14,17,20,35,39,31,9,"1,491,031,959원","56,527,807,000원"
527회,2013년01월05일,1,12,22,32,33,42,38,13,"1,032,386,366원","56,985,634,000원"
528회,2013년01월12일,5,17,25,31,39,40,10,11,"1,197,889,125원","57,548,541,000원"
529회,2013년01월19일,18,20,24,27,31,42,39,8,"1,749,114,797원","57,645,779,000원"
530회,2013년01월26일,16,23,27,29,33,41,22,11,"1,231,656,239원","56,241,083,000원"
531회,2013년02월02일,1,5,9,21,27,35,45,9,"1,521,519,750원","57,567,064,000원"
532회,2013년02월09일,16,17,23,24,29,44,3,7,"2,216,896,286원","61,687,384,000원"
533회,2013년02월16일,9,14,15,17,31,33,23,8,"1,785,671,579원","59,275,357,000원"
534회,2013년02월23일,10,24,26,29,37,38,32,1,"14,215,763,250원","59,227,462,000원"
535회,2013년03월02일,11,12,14,15,18,39,34,3,"4,935,603,000원","60,523,884,000원"
536회,2013년03월09일,7,8,18,32,37,43,12,11,"1,308,523,603원","59,763,469,000원"
537회,2013년03월16일,12,23,26,30,36,43,11,7,"2,104,038,911원","59,453,323,000원"
538회,2013년03월23일,6,10,18,31,32,34,11,3,"4,688,021,625원","59,233,373,000원"
539회,2013년03월30일,3,19,22,31,42,43,26,9,"1,621,036,667원","59,168,870,000원"
540회,2013년04월06일,3,12,13,15,34,36,14,7,"1,989,365,250원","56,739,658,000원"
541회,2013년04월13일,8,13,26,28,32,34,43,11,"1,269,327,171원","57,087,047,000원"
542회,2013년04월20일,5,6,19,26,41,45,34,6,"2,335,152,563원","56,949,161,000원"
543회,2013년04월27일,13,18,26,31,34,44,12,12,"1,112,934,844원","56,570,245,000원"
544회,2013년05월04일,5,17,21,25,36,44,10,13,"1,046,388,433원","56,056,189,000원"
545회,2013년05월11일,4,24,25,27,34,35,2,11,"1,198,994,353원","55,967,171,000원"
546회,2013년05월18일,8,17,20,27,37,43,6,30,"405,939,950원","56,713,166,000원"
547회,2013년05월25일,6,7,15,22,34,39,28,5,"2,838,444,450원","57,968,466,000원"
548회,2013년06월01일,1,12,13,21,32,45,14,8,"1,736,871,891원","57,771,827,000원"
549회,2013년06월08일,29,31,35,38,40,44,17,8,"1,760,805,047원","56,864,611,000원"
550회,2013년06월15일,1,7,14,20,34,37,41,11,"1,118,679,205원","56,441,770,000원"
551회,2013년06월22일,3,6,20,24,27,44,25,1,"13,526,973,750원","56,989,370,000원"
552회,2013년06월29일,1,10,20,32,35,40,43,10,"1,330,824,225원","57,602,386,000원"
553회,2013년07월06일,2,7,17,28,29,39,37,6,"2,249,631,438원","56,487,483,000원"
554회,2013년07월13일,13,14,17,32,41,42,6,2,"6,813,893,625원","56,124,466,000원"
555회,2013년07월20일,11,17,21,24,26,36,12,8,"1,711,027,360원","57,273,817,000원"
556회,2013년07월27일,12,20,23,28,30,44,43,7,"2,005,209,161원","57,374,791,000원"
557회,2013년08월03일,4,20,26,28,35,40,31,7,"1,888,069,286원","55,086,560,000원"
558회,2013년08월10일,12,15,19,26,40,43,29,10,"1,315,913,663원","54,939,001,000원"
559회,2013년08월17일,11,12,25,32,44,45,23,7,"1,926,145,608원","55,733,418,000원"
560회,2013년08월24일,1,4,20,23,29,45,28,7,"1,976,697,215원","56,565,298,000원"
561회,2013년08월31일,5,7,18,37,42,45,20,5,"2,753,712,225원","56,638,383,000원"
562회,2013년09월07일,4,11,13,17,20,31,33,11,"1,166,694,614원","56,288,212,000원"
563회,2013년09월14일,5,10,16,17,31,32,21,7,"1,932,735,643원","57,320,132,000원"
564회,2013년09월21일,14,19,25,26,27,34,2,7,"1,934,801,143원","58,012,468,000원"
565회,2013년09월28일,4,10,18,27,40,45,38,8,"1,742,064,469원","59,556,622,000원"
566회,2013년10월05일,4,5,6,25,26,43,41,4,"3,508,951,032원","57,666,611,000원"
567회,2013년10월12일,1,10,15,16,32,41,28,6,"2,318,659,438원","57,439,471,000원"
568회,2013년10월19일,1,3,17,20,31,44,40,10,"1,305,167,550원","57,681,628,000원"
569회,2013년10월26일,3,6,13,23,24,35,1,4,"3,467,925,188원","58,441,902,000원"
570회,2013년11월02일,1,12,26,27,29,33,42,9,"1,527,791,625원","57,654,279,000원"
571회,2013년11월09일,11,18,21,26,38,43,29,7,"1,966,538,465원","56,493,528,000원"
572회,2013년11월16일,3,13,18,33,37,45,1,8,"1,668,216,188원","56,473,602,000원"
573회,2013년11월23일,2,4,20,34,35,43,14,8,"1,645,691,766원","56,092,721,000원"
574회,2013년11월30일,14,15,16,19,25,43,2,2,"6,965,184,938원","55,882,933,000원"
575회,2013년12월07일,2,8,20,30,33,34,6,8,"1,699,267,875원","56,330,738,000원"
576회,2013년12월14일,10,11,15,25,35,41,13,3,"4,321,966,000원","54,691,148,000원"
577회,2013년12월21일,16,17,22,31,34,37,33,3,"4,484,438,375원","57,010,827,000원"
578회,2013년12월28일,5,12,14,32,34,42,16,5,"2,796,466,575원","58,584,741,000원"
579회,2014년01월04일,5,7,20,22,37,42,39,11,"1,396,068,444원","63,532,871,000원"
580회,2014년01월11일,5,7,9,11,32,35,33,7,"2,028,610,500원","60,514,216,000원"
581회,2014년01월18일,3,5,14,20,42,44,33,8,"1,844,554,547원","60,257,457,000원"
582회,2014년01월25일,2,12,14,33,40,41,25,4,"3,560,558,719원","59,306,953,000원"
583회,2014년02월01일,8,17,27,33,40,44,24,11,"1,341,848,353원","62,675,295,000원"
584회,2014년02월08일,7,18,30,39,40,41,36,3,"5,033,183,250원","61,343,856,000원"
585회,2014년02월15일,6,7,10,16,38,41,4,9,"1,620,546,334원","60,253,002,000원"
586회,2014년02월22일,2,7,12,15,21,34,5,8,"1,778,354,344원","59,502,096,000원"
587회,2014년03월01일,14,21,29,31,32,37,17,3,"4,974,577,375원","59,715,499,000원"
588회,2014년03월08일,2,8,15,22,25,41,30,5,"2,889,342,075원","59,533,101,000원"
589회,2014년03월15일,6,8,28,33,38,39,22,7,"2,136,877,983원","60,643,729,000원"
590회,2014년03월22일,20,30,36,38,41,45,23,7,"2,185,183,983원","60,003,131,000원"
591회,2014년03월29일,8,13,14,30,38,39,5,5,"2,964,676,200원","59,373,946,000원"
592회,2014년04월05일,2,5,6,13,28,44,43,6,"2,356,381,688원","58,097,477,000원"
593회,2014년04월12일,9,10,13,24,33,38,28,9,"1,532,833,500원","59,368,204,000원"
594회,2014년04월19일,2,8,13,25,28,37,3,11,"1,255,592,796원","57,764,442,000원"
595회,2014년04월26일,8,24,28,35,38,40,5,8,"1,744,525,219원","57,797,288,000원"
596회,2014년05월03일,3,4,12,14,25,43,17,10,"1,328,267,663원","56,561,071,000원"
597회,2014년05월10일,8,10,23,24,35,43,37,13,"1,057,920,606원","56,832,361,000원"
598회,2014년05월17일,4,12,24,33,38,45,22,16,"833,998,594원","57,518,550,000원"
599회,2014년05월24일,5,12,17,29,34,35,27,8,"1,710,918,329원","57,381,791,000원"
600회,2014년05월31일,5,11,14,27,29,36,44,15,"901,798,725원","56,372,519,000원"
601회,2014년06월07일,2,16,19,31,34,35,37,9,"1,524,565,209원","55,868,455,000원"
602회,2014년06월14일,13,14,22,27,30,38,2,8,"1,689,530,860원","56,262,855,000원"
603회,2014년06월21일,2,19,25,26,27,43,28,4,"3,452,136,563원","56,276,650,000원"
604회,2014년06월28일,2,6,18,21,33,34,30,11,"1,229,141,557원","56,266,399,000원"
605회,2014년07월05일,1,2,7,9,10,38,42,9,"1,394,232,250원","56,622,924,000원"
606회,2014년07월12일,1,5,6,14,20,39,22,10,"1,311,566,850원","56,928,896,000원"
607회,2014년07월19일,8,14,23,36,38,39,13,4,"3,494,480,907원","56,806,213,000원"
608회,2014년07월26일,4,8,18,19,39,44,41,7,"1,943,530,018원","56,146,117,000원"
609회,2014년08월02일,4,8,27,34,39,40,13,2,"6,339,311,438원","54,858,201,000원"
610회,2014년08월09일,14,18,20,23,28,36,33,4,"3,516,018,375원","56,862,756,000원"
611회,2014년08월16일,2,22,27,33,36,37,14,4,"3,502,706,157원","57,411,079,000원"
612회,2014년08월23일,6,9,18,19,25,33,40,11,"1,181,705,250원","56,931,314,000원"
613회,2014년08월30일,7,8,11,16,41,44,35,9,"1,549,831,209원","57,986,249,000원"
614회,2014년09월06일,8,21,25,39,40,44,18,6,"2,540,975,438원","62,301,977,000원"
615회,2014년09월13일,10,17,18,19,23,27,35,9,"1,535,062,417원","59,072,378,000원"
616회,2014년09월20일,5,13,18,23,40,45,3,9,"1,611,811,250원","60,303,360,000원"
617회,2014년09월27일,4,5,11,12,24,27,28,8,"1,629,701,860원","58,958,123,000원"
618회,2014년10월04일,8,16,25,30,42,43,15,5,"2,881,326,225원","58,550,803,000원"
619회,2014년10월11일,6,8,13,30,35,40,21,3,"4,612,479,375원","58,822,925,000원"
620회,2014년10월18일,2,16,17,32,39,45,40,7,"2,028,283,233원","58,342,777,000원"
621회,2014년10월25일,1,2,6,16,19,42,9,6,"2,359,723,500원","59,407,216,000원"
622회,2014년11월01일,9,15,16,21,28,34,24,9,"1,630,598,292원","59,601,329,000원"
623회,2014년11월08일,7,13,30,39,41,45,25,8,"1,813,702,594원","58,504,142,000원"
624회,2014년11월15일,1,7,19,26,27,35,16,5,"2,763,729,450원","57,832,726,000원"
625회,2014년11월22일,3,6,7,20,21,39,13,5,"2,765,184,675원","58,614,979,000원"
626회,2014년11월29일,13,14,26,33,40,43,15,8,"1,717,871,110원","58,986,187,000원"
627회,2014년12월06일,2,9,22,25,31,45,12,10,"1,352,230,650원","55,981,334,000원"
628회,2014년12월13일,1,7,12,15,23,42,11,9,"1,499,942,875원","57,253,109,000원"
629회,2014년12월20일,19,28,31,38,43,44,1,5,"2,919,433,575원","57,618,701,000원"
630회,2014년12월27일,8,17,21,24,27,31,15,3,"4,836,305,500원","61,335,894,000원"
631회,2015년01월03일,1,2,4,23,31,34,8,4,"3,919,853,532원","65,300,621,000원"
632회,2015년01월10일,15,18,21,32,35,44,6,11,"1,432,587,716원","63,066,603,000원"
633회,2015년01월17일,9,12,19,20,39,41,13,12,"1,217,257,094원","62,015,797,000원"
634회,2015년01월24일,4,10,11,12,20,27,38,13,"1,077,935,106원","63,149,567,000원"
635회,2015년01월31일,11,13,25,26,29,33,32,8,"1,855,587,235원","62,429,621,000원"
636회,2015년02월07일,6,7,15,16,20,31,26,8,"1,832,362,219원","62,786,394,000원"
637회,2015년02월14일,3,16,22,37,38,44,23,4,"3,899,241,094원","63,504,865,000원"
638회,2015년02월21일,7,18,22,24,31,34,6,7,"2,229,403,179원","64,319,586,000원"
639회,2015년02월28일,6,15,22,23,25,32,40,4,"4,061,185,219원","66,202,599,000원"
640회,2015년03월07일,14,15,18,21,26,35,23,9,"1,728,768,834원","64,080,502,000원"
641회,2015년03월14일,11,18,21,36,37,43,12,8,"1,990,074,563원","63,773,134,000원"
642회,2015년03월21일,8,17,18,24,39,45,32,12,"1,251,460,438원","63,544,224,000원"
643회,2015년03월28일,15,24,31,32,33,40,13,6,"2,535,763,625원","63,110,068,000원"
644회,2015년04월04일,5,13,17,23,28,36,8,8,"1,831,451,204원","61,846,599,000원"
645회,2015년04월11일,1,4,16,26,40,41,31,4,"3,696,297,750원","62,661,756,000원"
646회,2015년04월18일,2,9,24,41,43,45,30,7,"2,215,498,393원","62,308,090,000원"
647회,2015년04월25일,5,16,21,23,24,30,29,7,"2,189,725,608원","62,314,338,000원"
648회,2015년05월02일,13,19,28,37,38,43,4,7,"2,120,987,947원","60,874,405,000원"
649회,2015년05월09일,3,21,22,33,41,42,20,5,"2,948,042,100원","60,473,178,000원"
650회,2015년05월16일,3,4,7,11,31,41,35,5,"2,849,298,900원","60,991,082,000원"
651회,2015년05월23일,11,12,16,26,29,44,18,8,"1,855,306,454원","61,494,891,000원"
652회,2015년05월30일,3,13,15,40,41,44,20,5,"3,003,483,525원","60,426,977,000원"
653회,2015년06월06일,5,6,26,27,38,39,1,14,"980,958,670원","59,716,037,000원"
654회,2015년06월13일,16,21,26,31,36,43,6,8,"1,879,301,391원","60,697,813,000원"
655회,2015년06월20일,7,37,38,39,40,44,18,9,"1,661,439,625원","60,434,801,000원"
656회,2015년06월27일,3,7,14,16,31,40,39,2,"7,330,002,750원","61,328,118,000원"
657회,2015년07월04일,10,14,19,39,40,43,23,9,"1,694,762,792원","61,769,837,000원"
658회,2015년07월11일,8,19,25,28,32,36,37,9,"1,634,031,375원","61,131,243,000원"
659회,2015년07월18일,7,18,19,27,29,42,45,11,"1,336,604,216원","61,677,747,000원"
660회,2015년07월25일,4,9,23,33,39,44,14,10,"1,421,272,575원","60,813,322,000원"
661회,2015년08월01일,2,3,12,20,27,38,40,8,"1,713,025,547원","59,597,375,000원"
662회,2015년08월08일,5,6,9,11,15,37,26,8,"1,689,733,688원","59,164,542,000원"
663회,2015년08월15일,3,5,8,19,38,42,20,7,"2,080,244,143원","61,100,704,000원"
664회,2015년08월22일,10,20,33,36,41,44,5,10,"1,536,801,338원","61,921,689,000원"
665회,2015년08월29일,5,6,11,17,38,44,13,4,"3,643,230,375원","61,885,874,000원"
666회,2015년09월05일,2,4,6,11,17,28,16,6,"2,396,901,063원","62,652,917,000원"
667회,2015년09월12일,15,17,25,37,42,43,13,7,"2,228,764,393원","63,421,632,000원"
668회,2015년09월19일,12,14,15,24,27,32,3,5,"2,991,158,625원","63,346,405,000원"
669회,2015년09월26일,7,8,20,29,33,38,9,6,"2,708,173,188원","67,952,211,000원"
670회,2015년10월03일,11,18,26,27,40,41,25,12,"1,191,725,219원","62,242,687,000원"
671회,2015년10월10일,7,9,10,13,31,35,24,4,"3,722,322,844원","63,940,807,000원"
672회,2015년10월17일,8,21,28,31,36,45,43,9,"1,754,745,000원","63,542,330,000원"
673회,2015년10월24일,7,10,17,29,33,44,5,10,"1,491,453,300원","63,163,578,000원"
674회,2015년10월31일,9,10,14,25,27,31,11,8,"1,770,565,500원","61,386,974,000원"
675회,2015년11월07일,1,8,11,15,18,45,7,4,"3,514,549,032원","60,458,623,000원"
676회,2015년11월14일,1,8,17,34,39,45,27,8,"1,879,726,500원","62,147,642,000원"
677회,2015년11월21일,12,15,24,36,41,44,42,8,"1,921,114,407원","62,267,624,000원"
678회,2015년11월28일,4,5,6,12,25,37,45,6,"2,288,490,188원","60,887,293,000원"
679회,2015년12월05일,3,5,7,14,26,34,35,5,"2,863,005,600원","62,220,918,000원"
680회,2015년12월12일,4,10,19,29,32,42,30,14,"1,110,570,563원","64,245,201,000원"
681회,2015년12월19일,21,24,27,29,43,44,7,6,"2,696,328,938원","63,268,253,000원"
682회,2015년12월26일,17,23,27,35,38,43,2,4,"4,063,713,563원","66,757,858,000원"
683회,2016년01월02일,6,13,20,27,28,40,15,16,"1,010,930,883원","71,940,091,000원"
684회,2016년01월09일,1,11,15,17,25,39,40,9,"1,688,815,709원","66,623,887,000원"
685회,2016년01월16일,6,7,12,28,38,40,18,11,"1,494,367,671원","69,126,675,000원"
686회,2016년01월23일,7,12,15,24,25,43,13,8,"1,937,531,719원","65,274,010,000원"
687회,2016년01월30일,1,8,10,13,28,42,45,6,"2,720,029,313원","68,044,669,000원"
688회,2016년02월06일,5,15,22,23,34,35,2,9,"1,967,536,750원","73,095,612,000원"
689회,2016년02월13일,7,17,19,30,36,38,34,7,"2,321,775,911원","67,460,147,000원"
690회,2016년02월20일,24,25,33,34,38,39,43,15,"1,126,507,625원","69,142,025,000원"
691회,2016년02월27일,15,27,33,35,43,45,16,6,"2,839,296,750원","68,590,328,000원"
692회,2016년03월05일,3,11,14,15,32,36,44,7,"2,301,273,697원","66,390,499,000원"
693회,2016년03월12일,1,6,11,28,34,42,30,10,"1,642,763,813원","67,352,935,000원"
694회,2016년03월19일,7,15,20,25,33,43,12,10,"1,555,036,388원","67,533,257,000원"
695회,2016년03월26일,4,18,26,33,34,38,14,11,"1,450,214,830원","67,672,085,000원"
696회,2016년04월02일,1,7,16,18,34,38,21,10,"1,632,054,413원","67,542,971,000원"
697회,2016년04월09일,2,5,8,11,33,39,31,10,"1,531,443,038원","66,966,141,000원"
698회,2016년04월16일,3,11,13,21,33,37,18,8,"1,921,084,125원","66,283,268,000원"
699회,2016년04월23일,4,5,8,16,21,29,3,8,"1,995,411,375원","66,743,146,000원"
700회,2016년04월30일,11,23,28,29,30,44,13,8,"2,082,099,188원","66,846,276,000원"
701회,2016년05월07일,3,10,14,16,36,38,35,10,"1,583,183,175원","64,454,138,000원"
702회,2016년05월14일,3,13,16,24,26,29,9,11,"1,465,091,387원","66,219,854,000원"
703회,2016년05월21일,10,28,31,33,41,44,21,5,"3,235,784,100원","65,728,988,000원"
704회,2016년05월28일,1,4,8,23,33,42,45,4,"3,865,190,344원","65,930,117,000원"
705회,2016년06월04일,1,6,17,22,28,45,23,4,"3,987,206,532원","65,859,843,000원"
706회,2016년06월11일,3,4,6,10,28,30,37,4,"3,831,746,063원","65,723,488,000원"
707회,2016년06월18일,2,12,19,24,39,44,35,12,"1,322,167,313원","66,813,924,000원"
708회,2016년06월25일,2,10,16,19,34,45,1,4,"4,099,552,219원","66,806,307,000원"
709회,2016년07월02일,10,18,30,36,39,44,32,14,"1,165,271,625원","65,592,504,000원"
710회,2016년07월09일,3,4,9,24,25,33,10,5,"2,895,441,150원","65,083,972,000원"
711회,2016년07월16일,11,15,24,35,37,45,42,7,"2,277,413,358원","66,152,746,000원"
712회,2016년07월23일,17,20,30,31,33,45,19,4,"4,034,485,125원","66,136,318,000원"
713회,2016년07월30일,2,5,15,18,19,23,44,9,"1,714,720,917원","64,646,552,000원"
714회,2016년08월06일,1,7,22,33,37,40,20,7,"2,085,131,733원","64,099,989,000원"
715회,2016년08월13일,2,7,27,33,41,44,10,6,"2,605,510,438원","65,794,607,000원"
716회,2016년08월20일,2,6,13,16,29,30,21,12,"1,358,752,157원","67,040,169,000원"
717회,2016년08월27일,2,11,19,25,28,32,44,6,"2,702,433,688원","68,597,839,000원"
718회,2016년09월03일,4,11,20,23,32,39,40,17,"926,166,464원","69,400,763,000원"
719회,2016년09월10일,4,8,13,19,20,43,26,9,"1,879,581,334원","71,378,392,000원"
720회,2016년09월17일,1,12,29,34,36,37,41,14,"1,233,770,358원","69,939,090,000원"
721회,2016년09월24일,1,28,35,41,43,44,31,8,"2,273,767,360원","71,627,567,000원"
722회,2016년10월01일,12,14,21,30,39,43,45,4,"4,365,422,719원","69,446,489,000원"
723회,2016년10월08일,20,30,33,35,36,44,22,8,"2,114,365,360원","67,750,231,000원"
724회,2016년10월15일,2,8,33,35,37,41,14,12,"1,427,789,813원","69,987,274,000원"
725회,2016년10월22일,6,7,19,21,41,43,38,11,"1,579,217,250원","70,208,676,000원"
726회,2016년10월29일,1,11,21,23,34,44,24,14,"1,166,872,634원","68,799,295,000원"
727회,2016년11월05일,7,8,10,19,21,31,20,14,"1,115,107,742원","67,559,139,000원"
728회,2016년11월12일,3,6,10,30,34,37,36,5,"3,243,464,400원","68,306,112,000원"
729회,2016년11월19일,11,17,21,26,36,45,16,4,"4,198,250,719원","68,784,161,000원"
730회,2016년11월26일,4,10,14,15,18,22,39,8,"2,017,382,110원","66,934,105,000원"
731회,2016년12월03일,2,7,13,25,42,45,39,7,"2,340,471,054원","69,239,673,000원"
732회,2016년12월10일,2,4,5,17,27,32,43,7,"2,203,270,608원","68,645,948,000원"
733회,2016년12월17일,11,24,32,33,35,40,13,4,"4,016,725,125원","69,321,488,000원"
734회,2016년12월24일,6,16,37,38,41,45,18,9,"1,949,395,500원","71,457,582,000원"
735회,2016년12월31일,5,10,13,27,37,41,4,10,"1,847,231,588원","77,488,209,000원"
736회,2017년01월07일,2,11,17,18,21,27,6,5,"3,397,362,225원","73,510,203,000원"
737회,2017년01월14일,13,15,18,24,27,41,11,4,"4,283,061,000원","70,775,944,000원"
738회,2017년01월21일,23,27,28,38,42,43,36,11,"1,634,191,091원","71,768,122,000원"
739회,2017년01월28일,7,22,29,33,34,35,30,4,"4,744,122,282원","77,999,661,000원"
740회,2017년02월04일,4,8,9,16,17,19,31,18,"936,929,792원","75,186,520,000원"
741회,2017년02월11일,5,21,27,34,44,45,16,6,"3,043,595,938원","74,392,585,000원"
742회,2017년02월18일,8,10,13,36,37,40,6,16,"1,111,814,813원","73,857,792,000원"
743회,2017년02월25일,15,19,21,34,41,44,10,7,"2,608,641,000원","73,436,852,000원"
744회,2017년03월04일,10,15,18,21,34,41,43,15,"1,155,411,575원","73,507,293,000원"
745회,2017년03월11일,1,2,3,9,12,23,10,20,"746,822,982원","73,575,119,000원"
746회,2017년03월18일,3,12,33,36,42,45,25,9,"2,038,623,709원","74,239,579,000원"
747회,2017년03월25일,7,9,12,14,23,28,17,9,"1,903,214,584원","73,337,880,000원"
748회,2017년04월01일,3,10,13,22,31,32,29,9,"1,928,246,542원","72,750,277,000원"
749회,2017년04월08일,12,14,24,26,34,45,41,13,"1,350,104,395원","72,252,889,000원"
750회,2017년04월15일,1,2,15,19,24,36,12,7,"2,522,104,286원","72,248,100,000원"
751회,2017년04월22일,3,4,16,20,28,44,17,8,"2,097,968,110원","71,534,233,000원"
752회,2017년04월29일,4,16,20,33,40,43,7,9,"1,870,358,834원","71,600,822,000원"
753회,2017년05월06일,2,17,19,24,37,41,3,6,"2,711,105,063원","68,915,001,000원"
754회,2017년05월13일,2,8,17,24,29,31,32,5,"3,427,542,000원","70,765,850,000원"
755회,2017년05월20일,13,14,26,28,30,36,37,8,"2,214,427,266원","71,300,635,000원"
756회,2017년05월27일,10,14,16,18,27,28,4,5,"3,414,434,700원","70,992,946,000원"
757회,2017년06월03일,6,7,11,17,33,44,1,21,"739,839,858원","71,053,002,000원"
758회,2017년06월10일,5,9,12,30,39,43,24,8,"2,078,969,954원","71,764,259,000원"
759회,2017년06월17일,9,33,36,40,42,43,32,6,"3,032,670,500원","72,632,208,000원"
760회,2017년06월24일,10,22,27,31,42,43,12,8,"2,253,299,391원","72,200,797,000원"
761회,2017년07월01일,4,7,11,24,42,45,30,7,"2,392,730,518원","71,415,903,000원"
762회,2017년07월08일,1,3,12,21,26,41,16,10,"1,631,432,063원","70,558,895,000원"
763회,2017년07월15일,3,8,16,32,34,43,10,8,"2,138,130,000원","70,652,100,000원"
764회,2017년07월22일,7,22,24,31,34,36,15,7,"2,459,975,465원","70,318,932,000원"
765회,2017년07월29일,1,3,8,12,42,43,33,15,"1,109,214,250원","70,972,360,000원"
766회,2017년08월05일,9,30,34,35,39,41,21,8,"2,173,637,297원","69,500,769,000원"
767회,2017년08월12일,5,15,20,31,34,42,22,15,"1,163,768,725원","71,285,599,000원"
768회,2017년08월19일,7,27,29,30,38,44,4,13,"1,363,572,260원","72,306,975,000원"
769회,2017년08월26일,5,7,11,16,41,45,4,9,"1,930,760,042원","72,873,431,000원"
770회,2017년09월02일,1,9,12,23,39,43,34,8,"2,163,099,329원","74,166,379,000원"
771회,2017년09월09일,6,10,17,18,21,29,30,4,"4,362,644,907원","73,545,939,000원"
772회,2017년09월16일,5,6,11,14,21,41,32,10,"1,769,608,838원","74,375,369,000원"
773회,2017년09월23일,8,12,19,21,31,35,44,11,"1,609,403,080원","74,560,597,000원"
774회,2017년09월30일,12,15,18,28,34,42,9,11,"1,709,721,512원","77,347,021,000원"
775회,2017년10월07일,11,12,29,33,38,42,17,5,"3,470,437,650원","70,795,452,000원"
776회,2017년10월14일,8,9,18,21,28,40,20,7,"2,557,579,393원","74,826,082,000원"
777회,2017년10월21일,6,12,17,21,34,37,18,21,"833,468,036원","75,534,360,000원"
778회,2017년10월28일,6,21,35,36,37,41,11,3,"6,264,069,500원","75,075,606,000원"
779회,2017년11월04일,6,12,19,24,34,41,4,11,"1,527,709,296원","73,773,676,000원"
780회,2017년11월11일,15,17,19,21,27,45,16,11,"1,667,520,137원","74,232,084,000원"
781회,2017년11월18일,11,16,18,19,24,39,43,9,"1,882,891,542원","72,483,157,000원"
782회,2017년11월25일,6,18,31,34,38,45,20,9,"1,946,487,625원","72,253,973,000원"
783회,2017년12월02일,14,15,16,17,38,45,36,4,"4,603,964,625원","73,525,256,000원"
784회,2017년12월09일,3,10,23,24,31,39,22,9,"1,908,678,000원","74,311,382,000원"
785회,2017년12월16일,4,6,15,25,26,33,40,6,"2,886,622,688원","72,974,563,000원"
786회,2017년12월23일,12,15,16,20,24,30,38,4,"4,551,365,250원","75,930,156,000원"
787회,2017년12월30일,5,6,13,16,27,28,9,6,"3,092,108,313원","79,593,923,000원"
788회,2018년01월06일,2,10,11,19,35,39,29,13,"1,401,475,154원","78,121,882,000원"
789회,2018년01월13일,2,6,7,12,19,45,38,15,"1,140,976,825원","76,136,603,000원"
790회,2018년01월20일,3,8,19,27,30,41,12,16,"1,160,516,274원","78,978,881,000원"
791회,2018년01월27일,2,10,12,31,33,42,32,14,"1,253,081,893원","74,205,844,000원"
792회,2018년02월03일,2,7,19,25,29,36,16,7,"2,655,736,768원","76,339,003,000원"
793회,2018년02월10일,10,15,21,35,38,43,31,5,"3,750,146,775원","76,177,477,000원"
794회,2018년02월17일,6,7,18,19,30,38,13,7,"2,650,940,304원","79,941,579,000원"
795회,2018년02월24일,3,10,13,26,34,38,36,11,"1,714,977,000원","79,661,342,000원"
796회,2018년03월03일,1,21,26,36,40,41,5,7,"2,763,490,340원","77,685,943,000원"
797회,2018년03월10일,5,22,31,32,39,45,36,8,"2,397,028,125원","77,339,940,000원"
798회,2018년03월17일,2,10,14,22,32,36,41,7,"2,710,791,911원","77,038,759,000원"
799회,2018년03월24일,12,17,23,34,42,45,33,10,"1,826,427,225원","76,708,986,000원"
800회,2018년03월31일,1,4,10,12,28,45,26,11,"1,632,246,205원","76,994,062,000원"
801회,2018년04월07일,17,25,28,37,43,44,2,8,"2,256,786,657원","74,034,792,000원"
802회,2018년04월14일,10,11,12,18,24,42,27,16,"1,082,947,993원","75,146,781,000원"
803회,2018년04월21일,5,9,14,26,30,43,2,5,"3,663,810,225원","75,670,793,000원"
804회,2018년04월28일,1,10,13,26,32,36,9,11,"1,631,996,523원","74,557,028,000원"
805회,2018년05월05일,3,12,13,18,31,32,42,4,"4,266,061,969원","73,065,981,000원"
806회,2018년05월12일,14,20,23,31,37,38,27,7,"2,640,760,875원","74,030,583,000원"
807회,2018년05월19일,6,10,18,25,34,35,33,7,"2,437,662,322원","73,831,580,000원"
808회,2018년05월26일,15,21,31,32,41,43,24,6,"3,087,620,500원","74,911,438,000원"
809회,2018년06월02일,6,11,15,17,23,40,39,6,"2,921,372,750원","74,214,104,000원"
810회,2018년06월09일,5,10,13,21,39,43,11,8,"2,231,598,047원","74,388,355,000원"
811회,2018년06월16일,8,11,19,21,36,45,25,7,"2,524,148,197원","74,570,813,000원"
812회,2018년06월23일,1,3,12,14,16,43,10,6,"2,947,954,750원","74,147,816,000원"
813회,2018년06월30일,11,30,34,35,42,44,27,4,"4,591,763,157원","73,394,947,000원"
814회,2018년07월07일,2,21,28,38,42,45,30,6,"3,067,192,063원","74,316,543,000원"
815회,2018년07월14일,17,21,25,26,27,36,4,7,"2,579,855,358원","73,416,400,000원"
816회,2018년07월21일,12,18,19,29,31,39,7,8,"2,128,107,938원","72,397,826,000원"
817회,2018년07월28일,3,9,12,13,25,43,34,9,"1,868,477,334원","72,552,766,000원"
818회,2018년08월04일,14,15,25,28,29,30,3,13,"1,380,804,318원","71,793,353,000원"
819회,2018년08월11일,16,25,33,38,40,45,15,7,"2,594,534,840원","74,578,907,000원"
820회,2018년08월18일,10,21,22,30,35,42,6,4,"4,627,313,532원","75,744,571,000원"
821회,2018년08월25일,1,12,13,24,29,44,16,14,"1,316,155,956원","76,118,239,000원"
822회,2018년09월01일,9,18,20,24,27,36,12,3,"5,930,898,625원","75,681,739,000원"
823회,2018년09월08일,12,18,24,26,39,40,15,9,"2,009,843,917원","77,400,124,000원"
824회,2018년09월15일,7,9,24,29,34,38,26,15,"1,256,646,550원","78,257,422,000원"
825회,2018년09월22일,8,15,21,31,33,38,42,12,"1,658,710,563원","82,890,578,000원"
826회,2018년09월29일,13,16,24,25,33,36,42,9,"2,075,192,084원","78,218,740,000원"
827회,2018년10월06일,5,11,12,29,33,44,14,15,"1,206,500,375원","76,490,125,000원"
828회,2018년10월13일,4,7,13,29,31,39,18,13,"1,455,185,972원","77,552,827,000원"
829회,2018년10월20일,4,5,31,35,43,45,29,8,"2,444,650,641원","77,998,807,000원"
830회,2018년10월27일,5,6,16,18,37,38,17,9,"2,060,528,750원","77,714,000,000원"
831회,2018년11월03일,3,10,16,19,31,39,9,16,"1,110,702,258원","77,622,753,000원"
832회,2018년11월10일,13,14,19,26,40,43,30,9,"2,088,204,584원","77,411,900,000원"
833회,2018년11월17일,12,18,30,39,41,42,19,8,"2,356,317,282원","77,738,402,000원"
834회,2018년11월24일,6,8,18,35,42,43,3,11,"1,690,693,671원","75,941,791,000원"
835회,2018년12월01일,9,10,13,28,38,45,35,15,"1,233,681,125원","77,694,435,000원"
836회,2018년12월08일,1,9,11,14,26,28,19,14,"1,257,843,670원","74,536,697,000원"
837회,2018년12월15일,2,25,28,30,33,45,6,6,"3,144,449,125원","76,614,176,000원"
838회,2018년12월22일,9,14,17,33,36,38,20,5,"3,813,733,050원","79,414,484,000원"
839회,2018년12월29일,3,9,11,12,13,19,35,13,"1,359,454,904원","79,219,710,000원"
840회,2019년01월05일,2,4,11,28,29,43,27,10,"2,042,961,788원","84,057,771,000원"
841회,2019년01월12일,5,11,14,30,33,38,24,17,"1,116,095,714원","81,580,789,000원"
842회,2019년01월19일,14,26,32,36,39,42,38,10,"2,035,475,025원","81,957,444,000원"
843회,2019년01월26일,19,21,30,33,34,42,4,5,"4,012,970,100원","81,857,498,000원"
844회,2019년02월02일,7,8,13,15,33,45,18,18,"1,162,963,542원","87,805,610,000원"
845회,2019년02월09일,1,16,29,33,40,45,6,11,"1,891,217,182원","83,884,034,000원"
846회,2019년02월16일,5,18,30,41,43,45,13,13,"1,596,884,395원","83,936,839,000원"
847회,2019년02월23일,12,16,26,28,30,42,22,8,"2,520,846,657원","83,782,512,000원"
848회,2019년03월02일,1,2,16,22,38,39,34,7,"3,011,580,858원","84,523,266,000원"
849회,2019년03월09일,5,13,17,29,34,39,3,17,"1,158,252,883원","82,333,674,000원"
850회,2019년03월16일,16,20,24,28,36,39,5,6,"3,377,587,875원","81,474,176,000원"
851회,2019년03월23일,14,18,22,26,31,44,40,8,"2,483,692,313원","81,099,116,000원"
852회,2019년03월30일,11,17,28,30,33,35,9,4,"4,801,543,407원","81,470,793,000원"
853회,2019년04월06일,2,8,23,26,27,44,13,7,"2,885,006,786원","82,244,370,000원"
854회,2019년04월13일,20,25,31,32,36,43,3,6,"3,421,706,750원","81,823,338,000원"
855회,2019년04월20일,8,15,17,19,43,44,7,9,"2,269,510,500원","82,374,732,000원"
856회,2019년04월27일,10,24,40,41,43,44,17,5,"3,977,927,550원","80,496,424,000원"
857회,2019년05월04일,6,10,16,28,34,38,43,15,"1,284,915,425원","80,933,117,000원"
858회,2019년05월11일,9,13,32,38,39,43,23,9,"2,202,347,459원","81,366,889,000원"
859회,2019년05월18일,8,22,35,38,39,41,24,11,"1,853,927,489원","80,944,223,000원"
860회,2019년05월25일,4,8,18,25,27,32,42,10,"1,879,899,825원","81,846,672,000원"
861회,2019년06월01일,11,17,19,21,22,25,24,4,"4,872,108,844원","81,032,551,000원"
862회,2019년06월08일,10,34,38,40,42,43,32,9,"2,190,922,709원","80,609,005,000원"
863회,2019년06월15일,16,21,28,35,39,43,12,7,"2,853,357,322원","81,288,540,000원"
864회,2019년06월22일,3,7,10,13,25,36,32,11,"1,716,553,637원","82,220,290,000원"
865회,2019년06월29일,3,15,22,32,33,45,2,13,"1,551,729,145원","81,748,217,000원"
866회,2019년07월06일,9,15,29,34,37,39,12,9,"2,240,409,000원","81,961,886,000원"
867회,2019년07월13일,14,17,19,22,24,40,41,5,"3,933,755,250원","81,607,190,000원"
868회,2019년07월20일,12,17,28,41,43,44,25,6,"3,233,804,250원","80,549,078,000원"
869회,2019년07월27일,2,6,20,27,37,39,4,10,"1,922,582,588원","80,268,389,000원"
870회,2019년08월03일,21,25,30,32,40,42,31,10,"1,928,842,988원","78,688,663,000원"
871회,2019년08월10일,2,6,12,26,30,34,38,7,"2,718,071,358원","79,527,502,000원"
872회,2019년08월17일,2,4,30,32,33,43,29,16,"1,262,705,579원","81,002,518,000원"
873회,2019년08월24일,3,5,12,13,33,39,38,10,"1,874,553,225원","82,375,586,000원"
874회,2019년08월31일,1,15,19,23,28,42,32,18,"1,117,123,917원","82,990,138,000원"
875회,2019년09월07일,19,22,30,34,39,44,36,14,"1,415,946,724원","80,635,281,000원"
876회,2019년09월14일,5,16,21,26,34,42,24,19,"1,090,657,856원","85,088,368,000원"
877회,2019년09월21일,5,17,18,22,23,43,12,12,"1,716,607,188원","84,584,730,000원"
878회,2019년09월28일,2,6,11,16,25,31,3,6,"3,207,993,500원","84,183,676,000원"
879회,2019년10월05일,1,4,10,14,15,35,20,6,"3,206,361,313원","83,174,251,000원"
880회,2019년10월12일,7,17,19,23,24,45,38,7,"2,837,810,465원","83,862,502,000원"
881회,2019년10월19일,4,18,20,26,27,32,9,8,"2,503,212,282원","84,495,552,000원"
882회,2019년10월26일,18,34,39,43,44,45,23,5,"4,127,270,400원","84,351,602,000원"
883회,2019년11월02일,9,18,32,33,37,44,22,15,"1,360,519,525원","85,624,171,000원"
884회,2019년11월09일,4,14,23,28,37,45,17,12,"1,799,077,282원","86,554,613,000원"
885회,2019년11월16일,1,3,24,27,39,45,31,13,"1,543,832,568원","83,396,319,000원"
886회,2019년11월23일,19,23,28,37,42,45,2,7,"2,974,643,786원","84,186,094,000원"
887회,2019년11월30일,8,14,17,27,36,45,10,8,"2,535,268,688원","84,416,872,000원"
888회,2019년12월07일,3,7,12,31,34,38,32,8,"2,370,359,204원","82,777,313,000원"
889회,2019년12월14일,3,13,29,38,39,42,26,10,"2,108,986,950원","86,734,222,000원"
890회,2019년12월21일,1,4,14,18,29,37,6,9,"2,335,486,167원","86,693,498,000원"
891회,2019년12월28일,9,13,28,31,39,41,19,7,"3,082,673,947원","89,742,677,000원"
892회,2020년01월04일,4,9,17,18,26,42,36,17,"1,282,017,464원","93,091,115,000원"
893회,2020년01월11일,1,15,17,23,25,41,10,9,"2,377,433,625원","87,661,567,000원"
894회,2020년01월18일,19,32,37,40,41,43,45,9,"2,377,935,959원","88,465,183,000원"
895회,2020년01월25일,16,26,31,38,39,41,23,12,"1,928,079,219원","96,962,255,000원"
896회,2020년02월01일,5,12,25,26,38,45,23,7,"3,053,222,036원","90,461,998,000원"
897회,2020년02월08일,6,7,12,22,26,36,29,13,"1,619,922,520원","88,231,474,000원"
898회,2020년02월15일,18,21,28,35,37,42,17,8,"2,639,313,235원","90,067,839,000원"
899회,2020년02월22일,8,19,20,21,33,39,37,6,"3,359,356,063원","85,877,347,000원"
900회,2020년02월29일,7,13,16,18,35,38,14,6,"3,349,851,375원","83,639,372,000원"
901회,2020년03월07일,5,18,20,23,30,34,21,9,"2,267,974,667원","84,783,962,000원"
902회,2020년03월14일,7,19,23,24,36,39,30,13,"1,619,317,529원","87,501,981,000원"
903회,2020년03월21일,2,15,16,21,22,28,45,13,"1,684,582,212원","88,625,160,000원"
904회,2020년03월28일,2,6,8,26,43,45,11,8,"2,718,077,813원","88,938,220,000원"
905회,2020년04월04일,3,4,16,27,38,40,20,7,"3,017,862,536원","90,357,634,000원"
906회,2020년04월11일,2,5,14,28,31,32,20,9,"2,472,607,250원","90,948,274,000원"
907회,2020년04월18일,21,27,29,38,40,44,37,7,"3,165,059,036원","89,331,282,000원"
908회,2020년04월25일,3,16,21,22,23,44,30,8,"2,834,856,141원","89,923,601,000원"
909회,2020년05월02일,7,24,29,30,34,35,33,11,"2,021,062,875원","89,543,261,000원"
910회,2020년05월09일,1,11,17,27,35,39,31,21,"941,316,375원","86,308,857,000원"
911회,2020년05월16일,4,5,12,14,32,42,35,10,"2,113,538,625원","89,332,410,000원"
912회,2020년05월23일,5,8,18,21,22,38,10,14,"1,493,500,581원","88,599,155,000원"
913회,2020년05월30일,6,14,16,21,27,37,40,16,"1,338,755,602원","89,336,949,000원"
914회,2020년06월06일,16,19,24,33,42,44,27,11,"1,950,005,557원","89,558,503,000원"
915회,2020년06월13일,2,6,11,13,22,37,14,6,"3,518,640,500원","87,862,418,000원"
916회,2020년06월20일,6,21,22,32,35,36,17,11,"2,025,384,341원","89,133,044,000원"
917회,2020년06월27일,1,3,23,24,27,43,34,10,"2,144,799,638원","88,950,867,000원"
918회,2020년07월04일,7,11,12,31,33,38,5,18,"1,117,622,646원","89,200,857,000원"
919회,2020년07월11일,9,14,17,18,42,44,35,5,"4,305,150,450원","90,218,056,000원"
920회,2020년07월18일,2,3,26,33,34,43,29,7,"3,120,260,197원","89,805,177,000원"
921회,2020년07월25일,5,7,12,22,28,41,1,17,"1,232,573,405원","89,888,341,000원"
922회,2020년08월01일,2,6,13,17,27,43,36,6,"3,417,904,500원","89,266,682,000원"
923회,2020년08월08일,3,17,18,23,36,41,26,8,"2,667,554,625원","87,867,402,000원"
924회,2020년08월15일,3,11,34,42,43,44,13,9,"2,382,430,667원","87,708,256,000원"
925회,2020년08월22일,13,24,32,34,39,42,4,12,"1,771,080,532원","87,901,067,000원"
926회,2020년08월29일,10,16,18,20,25,31,6,10,"2,032,490,663원","88,372,251,000원"
927회,2020년09월05일,4,15,22,38,41,43,26,6,"3,714,203,875원","91,067,752,000원"
928회,2020년09월12일,3,4,10,20,28,44,30,7,"3,134,591,358원","90,818,982,000원"
929회,2020년09월19일,7,9,12,15,19,23,4,16,"1,308,035,157원","92,344,620,000원"
930회,2020년09월26일,8,21,25,38,39,44,28,8,"2,832,418,829원","94,518,415,000원"
931회,2020년10월03일,14,15,23,25,35,43,32,8,"2,957,108,063원","95,695,802,000원"
932회,2020년10월10일,1,6,15,36,37,38,5,7,"3,390,022,983원","96,049,289,000원"
933회,2020년10월17일,23,27,29,31,36,45,37,8,"2,927,797,079원","93,484,851,000원"
934회,2020년10월24일,1,3,30,33,36,39,12,4,"5,765,772,844원","93,028,347,000원"
935회,2020년10월31일,4,10,20,32,38,44,18,13,"1,711,055,424원","93,934,898,000원"
936회,2020년11월07일,7,11,13,17,18,29,43,14,"1,492,069,179원","92,246,146,000원"
937회,2020년11월14일,2,10,13,22,29,40,26,11,"2,058,420,819원","93,720,454,000원"
938회,2020년11월21일,4,8,10,16,31,36,9,10,"2,249,466,563원","93,452,425,000원"
939회,2020년11월28일,4,11,28,39,42,45,6,13,"1,708,363,039원","93,340,002,000원"
940회,2020년12월05일,3,15,20,22,24,41,11,8,"2,846,071,079원","93,920,183,000원"
941회,2020년12월12일,12,14,25,27,39,40,35,16,"1,347,297,422원","94,867,600,000원"
942회,2020년12월19일,10,12,18,35,42,43,39,6,"3,761,680,313원","92,731,965,000원"
943회,2020년12월26일,1,8,13,36,44,45,39,7,"3,435,045,108원","100,081,432,000원"
944회,2021년01월02일,2,13,16,19,32,33,42,13,"1,961,836,356원","107,181,377,000원"
945회,2021년01월09일,9,10,15,30,33,37,26,13,"1,765,554,491원","94,837,109,000원"
946회,2021년01월16일,9,18,19,30,34,40,20,11,"2,157,656,182원","99,380,178,000원"
947회,2021년01월23일,3,8,17,20,27,35,26,18,"1,275,855,750원","99,449,916,000원"
948회,2021년01월30일,13,18,30,31,38,41,5,11,"2,188,548,716원","100,519,459,000원"
949회,2021년02월06일,14,21,35,36,40,44,30,10,"2,458,569,713원","100,518,909,000원"
950회,2021년02월13일,3,4,15,22,28,40,10,8,"3,281,920,500원","108,870,714,000원"
951회,2021년02월20일,2,12,30,31,39,43,38,14,"1,747,552,661원","102,937,006,000원"
952회,2021년02월27일,4,12,22,24,33,41,38,9,"2,713,699,834원","102,355,646,000원"
953회,2021년03월06일,7,9,22,27,37,42,34,14,"1,640,636,009원","99,180,891,000원"
954회,2021년03월13일,1,9,26,28,30,41,32,10,"2,478,795,900원","101,455,314,000원"
955회,2021년03월20일,4,9,23,26,29,33,8,12,"2,023,170,188원","99,784,736,000원"
956회,2021년03월27일,10,11,20,21,25,41,40,11,"2,022,982,671원","97,065,255,000원"
957회,2021년04월03일,4,15,24,35,36,40,1,11,"2,126,634,137원","96,654,698,000원"
958회,2021년04월10일,2,9,10,16,35,37,1,15,"1,596,119,675원","98,635,947,000원"
959회,2021년04월17일,1,14,15,24,40,41,35,8,"3,015,312,891원","97,435,835,000원"
960회,2021년04월24일,2,18,24,30,32,45,14,10,"2,401,133,213원","98,784,879,000원"
961회,2021년05월01일,11,20,29,31,33,42,43,9,"2,575,231,209원","97,153,309,000원"
962회,2021년05월08일,1,18,28,31,34,43,40,12,"1,940,906,094원","95,956,365,000원"
963회,2021년05월15일,6,12,19,23,34,42,35,15,"1,476,478,125원","95,452,215,000원"
964회,2021년05월22일,6,21,36,38,39,43,30,10,"2,345,861,063원","95,549,895,000원"
965회,2021년05월29일,2,13,25,28,29,36,34,7,"3,403,348,929원","96,174,650,000원"
966회,2021년06월05일,1,21,25,29,34,37,36,10,"2,411,303,513원","95,640,447,000원"
967회,2021년06월12일,1,6,13,37,38,40,9,4,"5,809,776,094원","94,515,565,000원"
968회,2021년06월19일,2,5,12,14,24,39,33,13,"1,667,729,683원","95,924,229,000원"
969회,2021년06월26일,3,9,10,29,40,45,7,20,"1,149,427,894원","96,728,751,000원"
970회,2021년07월03일,9,11,16,21,28,36,5,14,"1,611,544,045원","93,268,371,000원"
971회,2021년07월10일,2,6,17,18,21,26,7,6,"3,725,880,250원","94,471,924,000원"
972회,2021년07월17일,3,6,17,23,37,39,26,20,"1,124,886,244원","93,916,813,000원"
973회,2021년07월24일,22,26,31,37,41,42,24,8,"2,912,742,750원","93,953,872,000원"
974회,2021년07월31일,1,2,11,16,39,44,32,17,"1,317,034,523원","94,146,055,000원"
975회,2021년08월07일,7,8,9,17,22,24,5,9,"2,440,410,375원","94,253,719,000원"
976회,2021년08월14일,4,12,14,25,35,37,2,7,"3,243,867,215원","97,492,178,000원"
977회,2021년08월21일,2,9,10,14,22,44,16,14,"1,669,905,911원","95,895,844,000원"
978회,2021년08월28일,1,7,15,32,34,42,8,10,"2,373,391,388원","98,855,197,000원"
979회,2021년09월04일,7,11,16,21,27,33,24,14,"1,606,400,518원","99,507,886,000원"
980회,2021년09월11일,3,13,16,23,24,35,14,7,"3,409,443,215원","99,593,380,000원"
981회,2021년09월18일,27,36,37,41,43,45,32,13,"1,992,863,193원","105,645,424,000원"
982회,2021년09월25일,5,7,13,20,21,44,33,8,"3,023,630,672원","101,344,251,000원"
983회,2021년10월02일,13,23,26,31,35,43,15,10,"2,503,422,225원","101,899,006,000원"
984회,2021년10월09일,3,10,23,35,36,37,18,7,"3,453,006,268원","98,762,367,000원"
985회,2021년10월16일,17,21,23,30,34,44,19,10,"2,434,752,975원","98,811,446,000원"
986회,2021년10월23일,7,10,16,28,41,42,40,10,"2,375,275,125원","99,041,240,000원"
987회,2021년10월30일,2,4,15,23,29,38,7,10,"2,378,711,625원","100,269,530,000원"
988회,2021년11월06일,2,13,20,30,31,41,27,9,"2,678,489,375원","98,606,195,000원"
989회,2021년11월13일,17,18,21,27,29,33,26,4,"5,826,768,563원","96,525,658,000원"
990회,2021년11월20일,2,4,25,26,36,37,28,14,"1,740,095,277원","99,567,047,000원"
991회,2021년11월27일,13,18,25,31,33,44,38,8,"2,904,166,032원","98,026,282,000원"
992회,2021년12월04일,12,20,26,33,44,45,24,12,"1,986,955,563원","97,066,498,000원"
993회,2021년12월11일,6,14,16,18,24,42,44,6,"3,991,197,063원","99,323,653,000원"
994회,2021년12월18일,1,3,8,24,27,35,28,12,"1,861,582,063원","95,530,936,000원"
995회,2021년12월25일,1,4,13,29,38,39,7,7,"3,447,271,875원","100,878,455,000원"
996회,2022년01월01일,6,11,15,24,32,39,28,18,"1,491,185,771원","112,624,327,000원"
997회,2022년01월08일,4,7,14,16,24,44,20,19,"1,253,749,560원","102,431,961,000원"
998회,2022년01월15일,13,17,18,20,42,45,41,12,"2,076,499,657원","101,681,869,000원"
999회,2022년01월22일,1,3,9,14,18,28,34,16,"1,513,274,790원","102,581,351,000원"
1000회,2022년01월29일,2,8,19,22,32,42,39,22,"1,246,819,620원","118,628,811,000원"
1001회,2022년02월05일,6,10,12,14,20,42,15,12,"2,077,279,594원","103,967,487,000원"
1002회,2022년02월12일,17,25,33,35,38,45,15,8,"3,088,449,563원","105,795,484,000원"
1003회,2022년02월19일,1,4,29,39,43,45,31,14,"1,811,116,822원","103,479,378,000원"
1004회,2022년02월26일,7,15,30,37,39,44,18,10,"2,576,251,913원","106,112,471,000원"
1005회,2022년03월05일,8,13,18,24,27,29,17,12,"2,061,199,344원","103,755,249,000원"
1006회,2022년03월12일,8,11,15,16,17,37,36,9,"2,855,602,125원","104,542,431,000원"
1007회,2022년03월19일,8,11,16,19,21,25,40,9,"2,718,786,375원","101,530,003,000원"
1008회,2022년03월26일,9,11,30,31,41,44,33,11,"2,267,377,910원","103,727,042,000원"
1009회,2022년04월02일,15,23,29,34,40,44,20,15,"1,702,462,825원","103,771,363,000원"
1010회,2022년04월09일,9,12,15,25,34,36,3,8,"3,119,380,079원","103,011,505,000원"
1011회,2022년04월16일,1,9,12,26,35,38,42,11,"2,220,348,512원","101,799,373,000원"
1012회,2022년04월23일,5,11,18,20,35,45,3,13,"1,861,944,318원","101,948,323,000원"
1013회,2022년04월30일,21,22,26,34,36,41,32,5,"5,047,570,725원","101,747,653,000원"
1014회,2022년05월07일,3,11,14,18,26,27,21,10,"2,410,449,338원","102,396,369,000원"
1015회,2022년05월14일,14,23,31,33,37,40,44,8,"3,051,105,610원","102,562,683,000원"
1016회,2022년05월21일,15,26,28,34,41,42,44,11,"2,260,660,671원","101,583,153,000원"
1017회,2022년05월28일,12,18,22,23,30,34,32,7,"3,517,684,822원","101,382,790,000원"
1018회,2022년06월04일,3,19,21,25,37,45,35,2,"12,361,744,688원","101,151,805,000원"
1019회,2022년06월11일,1,4,13,17,34,39,6,50,"438,565,140원","102,804,882,000원"
1020회,2022년06월18일,12,27,29,38,41,45,6,13,"1,966,431,520원","104,996,396,000원"
1021회,2022년06월25일,12,15,17,24,29,45,16,12,"2,108,962,250원","101,960,162,000원"
1022회,2022년07월02일,5,6,11,29,42,45,28,5,"4,866,468,075원","99,233,031,000원"
1023회,2022년07월09일,10,14,16,18,29,35,25,9,"2,745,677,875원","100,399,659,000원"
1024회,2022년07월16일,9,18,20,22,38,44,10,8,"3,020,323,500원","100,081,038,000원"
1025회,2022년07월23일,8,9,20,25,29,33,7,4,"6,118,853,344원","101,318,529,000원"
1026회,2022년07월30일,5,12,13,31,32,41,34,15,"1,619,118,475원","101,556,379,000원"
1027회,2022년08월06일,14,16,27,35,39,45,5,10,"2,460,504,338원","101,195,159,000원"
1028회,2022년08월13일,5,7,12,13,18,35,23,20,"1,181,235,132원","100,613,537,000원"
1029회,2022년08월20일,12,30,32,37,39,41,24,10,"2,527,848,450원","101,336,312,000원"
1030회,2022년08월27일,2,5,11,17,24,29,9,19,"1,276,406,507원","104,899,923,000원"
1031회,2022년09월03일,6,7,22,32,35,36,19,8,"3,213,957,563원","104,316,078,000원"
1032회,2022년09월10일,1,6,12,19,36,42,28,10,"2,675,257,538원","110,907,011,000원"
1033회,2022년09월17일,3,11,15,20,35,44,10,13,"1,913,414,943원","104,642,258,000원"
1034회,2022년09월24일,26,31,32,33,38,40,11,9,"2,868,856,209원","107,150,089,000원"
1035회,2022년10월01일,9,14,34,35,41,42,2,8,"3,231,193,735원","106,759,523,000원"
1036회,2022년10월08일,2,5,22,32,34,45,39,9,"2,837,323,167원","103,753,936,000원"
1037회,2022년10월15일,2,14,15,22,27,33,31,15,"1,708,576,825원","104,840,173,000원"
1038회,2022년10월22일,7,16,24,27,37,44,2,15,"1,627,457,225원","104,932,409,000원"
1039회,2022년10월29일,2,3,6,19,36,39,26,16,"1,585,019,672원","105,259,066,000원"
1040회,2022년11월05일,8,16,26,29,31,36,11,7,"3,660,482,625원","104,007,239,000원"
1041회,2022년11월12일,6,7,9,11,17,18,45,25,"935,091,165원","105,301,601,000원"
1042회,2022년11월19일,5,14,15,23,34,43,4,20,"1,240,663,669원","106,510,259,000원"
1043회,2022년11월26일,3,5,12,22,26,31,19,17,"1,468,646,956원","107,045,942,000원"
1044회,2022년12월03일,12,17,20,26,28,36,4,8,"3,136,941,235원","102,891,973,000원"
1045회,2022년12월10일,6,14,15,19,21,41,37,13,"1,990,060,443원","105,380,282,000원"
1046회,2022년12월17일,7,16,25,29,35,36,28,12,"2,011,415,719원","100,923,993,000원"
1047회,2022년12월24일,2,20,33,40,42,44,32,9,"2,748,797,875원","103,058,179,000원"
1048회,2022년12월31일,6,12,17,21,32,39,30,17,"1,612,494,508원","117,323,901,000원"
1049회,2023년01월07일,3,5,13,20,21,37,17,15,"1,727,810,100원","108,444,724,000원"
1050회,2023년01월14일,6,12,31,35,38,43,17,17,"1,535,083,280원","108,072,602,000원"
1051회,2023년01월21일,21,26,30,32,33,35,44,18,"1,669,558,480원","119,243,907,000원"
1052회,2023년01월28일,5,17,26,27,35,38,1,11,"2,341,682,762원","107,565,461,000원"
1053회,2023년02월04일,22,26,29,30,34,45,15,7,"4,090,367,411원","113,721,665,000원"
1054회,2023년02월11일,14,19,27,28,30,45,33,9,"3,147,925,709원","113,660,567,000원"
